evidence_id,paper_id,arxiv_id,evidence_type,source_url,pdf_path,anchor,supported_content,status,sha256
E-260613790-I,P001,2606.13790,identity,https://arxiv.org/abs/2606.13790,sources/pdfs/2606.13790.pdf,PDF p.1 + current arXiv metadata,"Stochastic Path Sampler For Lattice Field Theory (2026), authors: Shiyang Chen; Moxian Qian; Gert Aarts; Biagio Lucini; Kai Zhou",verified,cc1be38bb8a641a8118606fda7b5d375170720e3e88a9f0c35562f335f2bda17
E-260613790-P,P001,2606.13790,problem,https://arxiv.org/abs/2606.13790,sources/pdfs/2606.13790.pdf,PDF p.1 abstract,"Data-free sampling of an unnormalized lattice target near criticality, where ordinary chains develop long autocorrelation times.",full_text_manual,cc1be38bb8a641a8118606fda7b5d375170720e3e88a9f0c35562f335f2bda17
E-260613790-M,P001,2606.13790,method,https://arxiv.org/abs/2606.13790,sources/pdfs/2606.13790.pdf,PDF pp.4-8 Sec. 2,Learn paired forward and auxiliary backward Langevin paths by minimizing a path-space variational free energy / entropy-production upper bound.,full_text_manual,cc1be38bb8a641a8118606fda7b5d375170720e3e88a9f0c35562f335f2bda17
E-260613790-R,P001,2606.13790,result,https://arxiv.org/abs/2606.13790,sources/pdfs/2606.13790.pdf,"PDF pp.12-18 Sec. 3, Tables 1-4",Corrected SPS observables agree with HMC in the tested 2D phi4 systems and show shorter autocorrelation near the pseudocritical region.,full_text_manual,cc1be38bb8a641a8118606fda7b5d375170720e3e88a9f0c35562f335f2bda17
E-260613790-L,P001,2606.13790,limitation,https://arxiv.org/abs/2606.13790,sources/pdfs/2606.13790.pdf,PDF pp.12-13 Secs. 3.1-3.2; pp.19-21 discussion,"Uncorrected tails and multimodal regions deviate; finite network capacity, terminal diffusion and support coverage remain practical limits, and the reported timing is hardware/setup specific.",full_text_manual,cc1be38bb8a641a8118606fda7b5d375170720e3e88a9f0c35562f335f2bda17
E-211115141-I,P002,2111.15141,identity,https://arxiv.org/abs/2111.15141,sources/pdfs/2111.15141.pdf,PDF p.1 + current arXiv metadata,"Path Integral Sampler: a stochastic control approach for sampling (2022), authors: Zhang, Qinsheng and Chen, Yongxin",verified,e0bb88baf8cf19b54d29195a6765aaf113de42fa7b5aab2d11658fd959175ac8
E-211115141-P,P002,2111.15141,problem,https://arxiv.org/abs/2111.15141,sources/pdfs/2111.15141.pdf,PDF p.1 abstract,Construct an efficient sampler for an unnormalized target by controlling a stochastic path rather than fitting a terminal density alone.,full_text_manual,e0bb88baf8cf19b54d29195a6765aaf113de42fa7b5aab2d11658fd959175ac8
E-211115141-M,P002,2111.15141,method,https://arxiv.org/abs/2111.15141,sources/pdfs/2111.15141.pdf,PDF pp.4-8 method,Formulate sampling as a Schrodinger-bridge / stochastic optimal-control problem and learn a neural control for a reference diffusion.,full_text_manual,e0bb88baf8cf19b54d29195a6765aaf113de42fa7b5aab2d11658fd959175ac8
E-211115141-R,P002,2111.15141,result,https://arxiv.org/abs/2111.15141,sources/pdfs/2111.15141.pdf,PDF pp.9-18 experiments,"The learned path sampler is competitive with the reported MCMC, SMC and normalizing-flow baselines on its benchmark suite.",full_text_manual,e0bb88baf8cf19b54d29195a6765aaf113de42fa7b5aab2d11658fd959175ac8
E-211115141-L,P002,2111.15141,limitation,https://arxiv.org/abs/2111.15141,sources/pdfs/2111.15141.pdf,PDF pp.19-20 discussion,"Training overhead, time discretization and a suboptimal learned control can produce weight variance and residual bias if correction is omitted.",full_text_manual,e0bb88baf8cf19b54d29195a6765aaf113de42fa7b5aab2d11658fd959175ac8
E-230213834-I,P003,2302.13834,identity,https://arxiv.org/abs/2302.13834,sources/pdfs/2302.13834.pdf,PDF p.1 + current arXiv metadata,"Denoising Diffusion Samplers (2023), authors: Vargas, Francisco and Grathwohl, Will and Doucet, Arnaud",verified,a52b6fd8d6c19873d22a115d6eb050e78da70464dc2e25e4464cf8c3b0063321
E-230213834-P,P003,2302.13834,problem,https://arxiv.org/abs/2302.13834,sources/pdfs/2302.13834.pdf,PDF p.1 abstract,Sample unnormalized targets with a diffusion process without requiring target-distributed training data.,full_text_manual,a52b6fd8d6c19873d22a115d6eb050e78da70464dc2e25e4464cf8c3b0063321
E-230213834-M,P003,2302.13834,method,https://arxiv.org/abs/2302.13834,sources/pdfs/2302.13834.pdf,PDF pp.4-8 method,Train a denoising diffusion sampler through a path-space objective and construct tractable forward/reverse trajectory densities.,full_text_manual,a52b6fd8d6c19873d22a115d6eb050e78da70464dc2e25e4464cf8c3b0063321
E-230213834-R,P003,2302.13834,result,https://arxiv.org/abs/2302.13834,sources/pdfs/2302.13834.pdf,PDF pp.10-18 experiments,The method performs strongly on the paper's multimodal and Bayesian benchmarks relative to selected diffusion and SMC baselines.,full_text_manual,a52b6fd8d6c19873d22a115d6eb050e78da70464dc2e25e4464cf8c3b0063321
E-230213834-L,P003,2302.13834,limitation,https://arxiv.org/abs/2302.13834,sources/pdfs/2302.13834.pdf,"PDF final discussion, around pp.18-20","Optimization and diffusion discretization are sensitive, and the paper identifies smoothing/objective design as open improvements.",full_text_manual,a52b6fd8d6c19873d22a115d6eb050e78da70464dc2e25e4464cf8c3b0063321
E-230701050-I,P004,2307.01050,identity,https://arxiv.org/abs/2307.01050,sources/pdfs/2307.01050.pdf,PDF p.1 + current arXiv metadata,"Transport meets Variational Inference: Controlled Monte Carlo Diffusions (2024), authors: Vargas, Francisco and Padhy, Shreyas and Blessing, Denis and N \""u sken, Nikolas",verified,53ccf9eacc9476d81b885750959fb9792bc68f37d1f468c2d8d3f0013645f1a1
E-230701050-P,P004,2307.01050,problem,https://arxiv.org/abs/2307.01050,sources/pdfs/2307.01050.pdf,PDF p.1 abstract,Reduce the variance and instability of Monte Carlo diffusion samplers built from a fixed annealing process.,full_text_manual,53ccf9eacc9476d81b885750959fb9792bc68f37d1f468c2d8d3f0013645f1a1
E-230701050-M,P004,2307.01050,method,https://arxiv.org/abs/2307.01050,sources/pdfs/2307.01050.pdf,PDF pp.3-8 method,Jointly adapt forward and backward controlled diffusions using path-space divergences linked to transport and nonequilibrium identities.,full_text_manual,53ccf9eacc9476d81b885750959fb9792bc68f37d1f468c2d8d3f0013645f1a1
E-230701050-R,P004,2307.01050,result,https://arxiv.org/abs/2307.01050,sources/pdfs/2307.01050.pdf,PDF pp.9-15 results,Controlled Monte Carlo Diffusions improve the reported sampling metrics across the benchmark suite.,full_text_manual,53ccf9eacc9476d81b885750959fb9792bc68f37d1f468c2d8d3f0013645f1a1
E-230701050-L,P004,2307.01050,limitation,https://arxiv.org/abs/2307.01050,sources/pdfs/2307.01050.pdf,PDF final discussion,"Performance still depends on annealing schedule, divergence choice, numerical SDE solution and learned-control quality.",full_text_manual,53ccf9eacc9476d81b885750959fb9792bc68f37d1f468c2d8d3f0013645f1a1
E-241002711-I,P005,2410.02711,identity,https://arxiv.org/abs/2410.02711,sources/pdfs/2410.02711.pdf,PDF p.1 + current arXiv metadata,"NETS: A Non-Equilibrium Transport Sampler (2024), authors: Albergo, Michael S. and Vanden-Eijnden, Eric",verified,3f115239f2ca5de2d7c560e21ae84e33f20a0979e515c875fb6ceb3406af3a55
E-241002711-P,P005,2410.02711,problem,https://arxiv.org/abs/2410.02711,sources/pdfs/2410.02711.pdf,PDF p.1 abstract,Annealed importance sampling can have high work/weight variance when the fixed protocol transports poorly between prior and target.,full_text_manual,3f115239f2ca5de2d7c560e21ae84e33f20a0979e515c875fb6ceb3406af3a55
E-241002711-M,P005,2410.02711,method,https://arxiv.org/abs/2410.02711,sources/pdfs/2410.02711.pdf,PDF pp.3-7 method,NETS augments nonequilibrium Langevin transport with a learned drift chosen to reduce estimator variance while retaining the nonequilibrium identity.,full_text_manual,3f115239f2ca5de2d7c560e21ae84e33f20a0979e515c875fb6ceb3406af3a55
E-241002711-R,P005,2410.02711,result,https://arxiv.org/abs/2410.02711,sources/pdfs/2410.02711.pdf,PDF results section,The learned transport improves effective sample size on the reported molecular and lattice phi4 examples.,full_text_manual,3f115239f2ca5de2d7c560e21ae84e33f20a0979e515c875fb6ceb3406af3a55
E-241002711-L,P005,2410.02711,limitation,https://arxiv.org/abs/2410.02711,sources/pdfs/2410.02711.pdf,PDF final discussion,"Drift capacity, protocol, diffusion strength, training cost and remaining weight variance determine practical gains.",full_text_manual,3f115239f2ca5de2d7c560e21ae84e33f20a0979e515c875fb6ceb3406af3a55
E-221003139-I,P006,2210.03139,identity,https://arxiv.org/abs/2210.03139,sources/pdfs/2210.03139.pdf,PDF p.1 + current arXiv metadata,"Stochastic normalizing flows for lattice field theory (2022), authors: Michele Caselle; Elia Cellini; Alessandro Nada; Marco Panero",verified,6e55973206bb8030e21bdd951bc005c64dbabf2698a4491f1d21e5ca29909cc8
E-221003139-P,P006,2210.03139,problem,https://arxiv.org/abs/2210.03139,sources/pdfs/2210.03139.pdf,PDF p.1 abstract,Improve lattice-field sampling by combining learned invertible maps with robust Monte Carlo transitions.,full_text_manual,6e55973206bb8030e21bdd951bc005c64dbabf2698a4491f1d21e5ca29909cc8
E-221003139-M,P006,2210.03139,method,https://arxiv.org/abs/2210.03139,sources/pdfs/2210.03139.pdf,PDF pp.2-5 method,Interleave normalizing-flow layers and Monte Carlo updates to form a stochastic normalizing flow for 2D phi4 theory.,full_text_manual,6e55973206bb8030e21bdd951bc005c64dbabf2698a4491f1d21e5ca29909cc8
E-221003139-R,P006,2210.03139,result,https://arxiv.org/abs/2210.03139,sources/pdfs/2210.03139.pdf,PDF results section,The short study reports improved sampling efficiency over its purely learned or stochastic components.,full_text_manual,6e55973206bb8030e21bdd951bc005c64dbabf2698a4491f1d21e5ca29909cc8
E-221003139-L,P006,2210.03139,limitation,https://arxiv.org/abs/2210.03139,sources/pdfs/2210.03139.pdf,PDF final section,"The paper is a compact proceedings report in a low-dimensional scalar benchmark, so broad scaling claims are unsupported.",full_text_manual,6e55973206bb8030e21bdd951bc005c64dbabf2698a4491f1d21e5ca29909cc8
E-220108862-I,P007,2201.08862,identity,https://arxiv.org/abs/2201.08862,sources/pdfs/2201.08862.pdf,PDF p.1 + current arXiv metadata,"Stochastic normalizing flows as non-equilibrium transformations (2022), authors: Michele Caselle; Elia Cellini; Alessandro Nada; Marco Panero",verified,798759d54c5256ac75eb188fac679c96d0af51979894b85d0c72c7db03817858
E-220108862-P,P007,2201.08862,problem,https://arxiv.org/abs/2201.08862,sources/pdfs/2201.08862.pdf,PDF p.1 abstract,"Normalizing flows can be hard to train globally, while nonequilibrium transformations can require long protocols.",full_text_manual,798759d54c5256ac75eb188fac679c96d0af51979894b85d0c72c7db03817858
E-220108862-M,P007,2201.08862,method,https://arxiv.org/abs/2201.08862,sources/pdfs/2201.08862.pdf,PDF pp.2-8 method,Unify invertible flow layers and stochastic nonequilibrium transitions within a path-probability/Jarzynski framework.,full_text_manual,798759d54c5256ac75eb188fac679c96d0af51979894b85d0c72c7db03817858
E-220108862-R,P007,2201.08862,result,https://arxiv.org/abs/2201.08862,sources/pdfs/2201.08862.pdf,PDF results sections,Hybrid stochastic normalizing flows improve free-energy estimation and sampling efficiency in the reported lattice examples.,full_text_manual,798759d54c5256ac75eb188fac679c96d0af51979894b85d0c72c7db03817858
E-220108862-L,P007,2201.08862,limitation,https://arxiv.org/abs/2201.08862,sources/pdfs/2201.08862.pdf,PDF pp.20-22 conclusions,"Efficiency trades off network training, protocol length, stochastic steps and residual work variance.",full_text_manual,798759d54c5256ac75eb188fac679c96d0af51979894b85d0c72c7db03817858
E-230914983-I,P008,2309.14983,identity,https://arxiv.org/abs/2309.14983,sources/pdfs/2309.14983.pdf,PDF p.1 + current arXiv metadata,"Sampling Nambu-Goto theory using Normalizing Flows (2023), authors: Michele Caselle; Elia Cellini; Alessandro Nada",verified,7b29ef81547ae08c382dce6572648f42abba443201aca2ffbf8d855cb5143644
E-230914983-P,P008,2309.14983,problem,https://arxiv.org/abs/2309.14983,sources/pdfs/2309.14983.pdf,PDF pp.1-2,Obtain a scalable numerical sampler for lattice Nambu-Goto effective string theory where continuous normalizing flows scale poorly.,full_text_manual,7b29ef81547ae08c382dce6572648f42abba443201aca2ffbf8d855cb5143644
E-230914983-M,P008,2309.14983,method,https://arxiv.org/abs/2309.14983,sources/pdfs/2309.14983.pdf,PDF pp.2-4,Use a physics-informed stochastic normalizing flow that interleaves learned maps with nonequilibrium stochastic updates and evaluates nonequilibrium work.,full_text_manual,7b29ef81547ae08c382dce6572648f42abba443201aca2ffbf8d855cb5143644
E-230914983-R,P008,2309.14983,result,https://arxiv.org/abs/2309.14983,sources/pdfs/2309.14983.pdf,PDF pp.4-6,The proof-of-concept reproduces known partition-function behavior and reports agreement with a conjectured string-width coefficient over 314 parameter combinations.,full_text_manual,7b29ef81547ae08c382dce6572648f42abba443201aca2ffbf8d855cb5143644
E-230914983-L,P008,2309.14983,limitation,https://arxiv.org/abs/2309.14983,sources/pdfs/2309.14983.pdf,PDF pp.5-6 conclusion,This proceedings study addresses a specific effective-string regime; it does not establish general lattice-field or QCD scaling.,full_text_manual,7b29ef81547ae08c382dce6572648f42abba443201aca2ffbf8d855cb5143644
E-190412072-I,P009,1904.12072,identity,https://arxiv.org/abs/1904.12072,sources/pdfs/1904.12072.pdf,PDF p.1 + current arXiv metadata,"Flow-based generative models for Markov chain Monte Carlo in lattice field theory (2019), authors: Albergo, M. S. and Kanwar, G. and Shanahan, P. E.",verified,61749019a775a8141842ce23b4dce5678a3f712f311dfcc379747b943ccbe07d
E-190412072-P,P009,1904.12072,problem,https://arxiv.org/abs/1904.12072,sources/pdfs/1904.12072.pdf,PDF p.1 abstract,Critical slowing makes conventional lattice MCMC expensive near phase transitions.,full_text_manual,61749019a775a8141842ce23b4dce5678a3f712f311dfcc379747b943ccbe07d
E-190412072-M,P009,1904.12072,method,https://arxiv.org/abs/1904.12072,sources/pdfs/1904.12072.pdf,PDF pp.2-6 method,Train a normalizing flow without target samples and use independent flow proposals in a Metropolis-Hastings chain.,full_text_manual,61749019a775a8141842ce23b4dce5678a3f712f311dfcc379747b943ccbe07d
E-190412072-R,P009,1904.12072,result,https://arxiv.org/abs/1904.12072,sources/pdfs/1904.12072.pdf,PDF results and pp.9-10 summary,"In 2D phi4, trained flow proposals reproduce observables and can eliminate sampling-stage critical slowing at fixed acceptance.",full_text_manual,61749019a775a8141842ce23b4dce5678a3f712f311dfcc379747b943ccbe07d
E-190412072-L,P009,1904.12072,limitation,https://arxiv.org/abs/1904.12072,sources/pdfs/1904.12072.pdf,PDF pp.9-10 summary,"Training took substantial GPU time in this proof of principle; architecture scaling, memory and extension to QCD were not established.",full_text_manual,61749019a775a8141842ce23b4dce5678a3f712f311dfcc379747b943ccbe07d
E-260410209-I,P010,2604.10209,identity,https://arxiv.org/abs/2604.10209,sources/pdfs/2604.10209.pdf,PDF p.1 + current arXiv metadata,"Scalable Generative Sampling and Multilevel Estimation for Lattice Field Theories Near Criticality (2026), authors: A. Singha; J. Kauffmann; E. Cellini; K. Jansen; S. Nakajima",verified,f63310ecd3fc85390956cdbd6dac9f8676cfbc5c7060411e2fb24b9d76f7dfe1
E-260410209-P,P010,2604.10209,problem,https://arxiv.org/abs/2604.10209,sources/pdfs/2604.10209.pdf,PDF p.1 abstract,Overcome critical slowing and poor large-volume scaling by representing long- and short-distance modes separately.,full_text_manual,f63310ecd3fc85390956cdbd6dac9f8676cfbc5c7060411e2fb24b9d76f7dfe1
E-260410209-M,P010,2604.10209,method,https://arxiv.org/abs/2604.10209,sources/pdfs/2604.10209.pdf,PDF pp.4-7 method,Factor the target coarse-to-fine; use conditional Gaussian mixtures and masked continuous normalizing flows while preserving coarse sites exactly.,full_text_manual,f63310ecd3fc85390956cdbd6dac9f8676cfbc5c7060411e2fb24b9d76f7dfe1
E-260410209-R,P010,2604.10209,result,https://arxiv.org/abs/2604.10209,sources/pdfs/2604.10209.pdf,PDF pp.7-9 results/conclusion,"On critical 2D phi4, the method reports much lower autocorrelation than HMC, high IS efficiency, consistent observables and MLMC variance reduction.",full_text_manual,f63310ecd3fc85390956cdbd6dac9f8676cfbc5c7060411e2fb24b9d76f7dfe1
E-260410209-L,P010,2604.10209,limitation,https://arxiv.org/abs/2604.10209,sources/pdfs/2604.10209.pdf,PDF p.9 conclusion,"ESS still falls at the largest volumes, fine-level quality limits MLMC gains, and extension to group-valued gauge theories is open.",full_text_manual,f63310ecd3fc85390956cdbd6dac9f8676cfbc5c7060411e2fb24b9d76f7dfe1
E-210605934-I,P011,2106.05934,identity,https://arxiv.org/abs/2106.05934,sources/pdfs/2106.05934.pdf,PDF p.1 + current arXiv metadata,"Flow-based sampling for fermionic lattice field theories (2021), authors: Michael S. Albergo; Gurtej Kanwar; Sébastien Racanière; Danilo J. Rezende; Julian M. Urban; Denis Boyda; Kyle Cranmer; Daniel C. Hackett; Phiala E. Shanahan",verified,ea75b10a32baf6510c3b1d3696759c6e1c4be346d1e257e5b43282ca64c909ac
E-210605934-P,P011,2106.05934,problem,https://arxiv.org/abs/2106.05934,sources/pdfs/2106.05934.pdf,PDF p.1 abstract,Extend flow-based sampling from bosonic fields to theories with dynamical fermions and nonlocal determinants.,full_text_manual,ea75b10a32baf6510c3b1d3696759c6e1c4be346d1e257e5b43282ca64c909ac
E-210605934-M,P011,2106.05934,method,https://arxiv.org/abs/2106.05934,sources/pdfs/2106.05934.pdf,PDF theory/method sections,"Construct joint, marginal and pseudofermion-conditioned flow models and test them in a 2D Yukawa system.",full_text_manual,ea75b10a32baf6510c3b1d3696759c6e1c4be346d1e257e5b43282ca64c909ac
E-210605934-R,P011,2106.05934,result,https://arxiv.org/abs/2106.05934,sources/pdfs/2106.05934.pdf,"PDF results, around pp.8-20",The proof of principle reproduces observables in a dynamical-fermion lattice example.,full_text_manual,ea75b10a32baf6510c3b1d3696759c6e1c4be346d1e257e5b43282ca64c909ac
E-210605934-L,P011,2106.05934,limitation,https://arxiv.org/abs/2106.05934,sources/pdfs/2106.05934.pdf,PDF conclusion,The study does not establish realistic 4D QCD scaling; pseudofermion variance and determinant/nonlocal costs remain central.,full_text_manual,ea75b10a32baf6510c3b1d3696759c6e1c4be346d1e257e5b43282ca64c909ac
E-231103578-I,P012,2311.03578,identity,https://arxiv.org/abs/2311.03578,sources/pdfs/2311.03578.pdf,PDF p.1 + current arXiv metadata,"Generative Diffusion Models for Lattice Field Theory (2023), authors: Lingxiao Wang; Gert Aarts; Kai Zhou",verified,bf6e772c236bcaec0901f01be734f24914bf66d9380cd2ed7ddf9c3635c4b3df
E-231103578-P,P012,2311.03578,problem,https://arxiv.org/abs/2311.03578,sources/pdfs/2311.03578.pdf,PDF p.1 abstract,Connect diffusion generative models to lattice stochastic quantization and test whether they can serve as global proposals.,full_text_manual,bf6e772c236bcaec0901f01be734f24914bf66d9380cd2ed7ddf9c3635c4b3df
E-231103578-M,P012,2311.03578,method,https://arxiv.org/abs/2311.03578,sources/pdfs/2311.03578.pdf,PDF pp.2-4 method,Learn the reverse diffusion / score process in a toy model and 2D phi4 theory.,full_text_manual,bf6e772c236bcaec0901f01be734f24914bf66d9380cd2ed7ddf9c3635c4b3df
E-231103578-R,P012,2311.03578,result,https://arxiv.org/abs/2311.03578,sources/pdfs/2311.03578.pdf,PDF pp.3-5 results,The model reproduces tested observables and can reduce chain autocorrelation when used as a global sampler.,full_text_manual,bf6e772c236bcaec0901f01be734f24914bf66d9380cd2ed7ddf9c3635c4b3df
E-231103578-L,P012,2311.03578,limitation,https://arxiv.org/abs/2311.03578,sources/pdfs/2311.03578.pdf,PDF pp.5-6 conclusion,"The demonstrations are toy/2D, require training configurations, and leave data-free training, gauge fields, fermions and sign problems open.",full_text_manual,bf6e772c236bcaec0901f01be734f24914bf66d9380cd2ed7ddf9c3635c4b3df
E-250205504-I,P013,2502.05504,identity,https://arxiv.org/abs/2502.05504,sources/pdfs/2502.05504.pdf,PDF p.1 + current arXiv metadata,"Physics-Conditioned Diffusion Models for Lattice Gauge Theory (2025), authors: Qianteng Zhu; Gert Aarts; Wei Wang; Kai Zhou; Lingxiao Wang",verified,0b9548d039926d29e6e89f60fa806d22681f4079c78936f901fdb5aca12b87fa
E-250205504-P,P013,2502.05504,problem,https://arxiv.org/abs/2502.05504,sources/pdfs/2502.05504.pdf,PDF p.1 abstract,Generate gauge configurations across couplings while respecting gauge structure and reducing topological freezing.,full_text_manual,0b9548d039926d29e6e89f60fa806d22681f4079c78936f901fdb5aca12b87fa
E-250205504-M,P013,2502.05504,method,https://arxiv.org/abs/2502.05504,sources/pdfs/2502.05504.pdf,PDF pp.3-8 method,Train a physics-conditioned diffusion model and use annealed Langevin / Metropolis-adjusted Langevin updates in 2D U(1).,full_text_manual,0b9548d039926d29e6e89f60fa806d22681f4079c78936f901fdb5aca12b87fa
E-250205504-R,P013,2502.05504,result,https://arxiv.org/abs/2502.05504,sources/pdfs/2502.05504.pdf,PDF results sections,The conditioned model transfers across couplings/lattice settings and improves topological exploration in the reported tests.,full_text_manual,0b9548d039926d29e6e89f60fa806d22681f4079c78936f901fdb5aca12b87fa
E-250205504-L,P013,2502.05504,limitation,https://arxiv.org/abs/2502.05504,sources/pdfs/2502.05504.pdf,PDF pp.15-16 conclusion,"Training-data topology can bias the model; non-Abelian groups, fermion nonlocality and large-volume cost remain open.",full_text_manual,0b9548d039926d29e6e89f60fa806d22681f4079c78936f901fdb5aca12b87fa
E-251021330-I,P014,2510.21330,identity,https://arxiv.org/abs/2510.21330,sources/pdfs/2510.21330.pdf,PDF p.1 + current arXiv metadata,"SCORENF: Score-based Normalizing Flows for Sampling Unnormalized distributions (2025), authors: Vikas Kanaujia; Vipul Arora",verified,7ac19accf5bdd3497d3ee8af910518a0bec1194629d9c18368896e2956dd8689
E-251021330-P,P014,2510.21330,problem,https://arxiv.org/abs/2510.21330,sources/pdfs/2510.21330.pdf,PDF p.1 abstract,Avoid mode collapse and mode covering when learning unnormalized multimodal targets from limited data.,full_text_manual,7ac19accf5bdd3497d3ee8af910518a0bec1194629d9c18368896e2956dd8689
E-251021330-M,P014,2510.21330,method,https://arxiv.org/abs/2510.21330,sources/pdfs/2510.21330.pdf,PDF pp.1-4 method,"Train an invertible normalizing flow with score-based and reverse-KL terms, then use it as an IMH proposal.",full_text_manual,7ac19accf5bdd3497d3ee8af910518a0bec1194629d9c18368896e2956dd8689
E-251021330-R,P014,2510.21330,result,https://arxiv.org/abs/2510.21330,sources/pdfs/2510.21330.pdf,PDF pp.3-5 tables/results,"ScoreNF improves the reported NLL/RNLL balance, ESS and acceptance on Gaussian mixtures and a 64-dimensional phi4 example.",full_text_manual,7ac19accf5bdd3497d3ee8af910518a0bec1194629d9c18368896e2956dd8689
E-251021330-L,P014,2510.21330,limitation,https://arxiv.org/abs/2510.21330,sources/pdfs/2510.21330.pdf,PDF p.5 conclusion,It still relies on target samples for score estimation and is only tested on modest systems; larger symmetric systems are future work.,full_text_manual,7ac19accf5bdd3497d3ee8af910518a0bec1194629d9c18368896e2956dd8689
E-260506134-I,P015,2605.06134,identity,https://arxiv.org/abs/2605.06134,sources/pdfs/2605.06134.pdf,PDF p.1 + current arXiv metadata,"Diffusion model for SU(N) gauge theories (2026), authors: Javad Komijani; Marina K. Marinkovic; Lara Turgut",verified,7b2695ebaa774b7eeb7cada771068461248361495975bd440ff5a2ceee97a4de
E-260506134-P,P015,2605.06134,problem,https://arxiv.org/abs/2605.06134,sources/pdfs/2605.06134.pdf,PDF p.1 abstract,Build diffusion samplers directly on non-Abelian SU(N) gauge manifolds while preserving gauge symmetry.,full_text_manual,7b2695ebaa774b7eeb7cada771068461248361495975bd440ff5a2ceee97a4de
E-260506134-M,P015,2605.06134,method,https://arxiv.org/abs/2605.06134,sources/pdfs/2605.06134.pdf,PDF method sections,Use implicit score matching with a gauge-equivariant U-Net and a predictor-corrector/Hamiltonian refinement.,full_text_manual,7b2695ebaa774b7eeb7cada771068461248361495975bd440ff5a2ceee97a4de
E-260506134-R,P015,2605.06134,result,https://arxiv.org/abs/2605.06134,sources/pdfs/2605.06134.pdf,PDF results sections,The paper demonstrates 2D and 4D SU(3)-family gauge sampling with improved observables after correction.,full_text_manual,7b2695ebaa774b7eeb7cada771068461248361495975bd440ff5a2ceee97a4de
E-260506134-L,P015,2605.06134,limitation,https://arxiv.org/abs/2605.06134,sources/pdfs/2605.06134.pdf,PDF conclusion,Correction raises computational cost; large-volume/continuum efficiency and richer gauge dynamics remain unresolved.,full_text_manual,7b2695ebaa774b7eeb7cada771068461248361495975bd440ff5a2ceee97a4de
E-200306413-I,P016,2003.06413,identity,https://arxiv.org/abs/2003.06413,sources/pdfs/2003.06413.pdf,PDF p.1 + current arXiv metadata,"Equivariant flow-based sampling for lattice gauge theory (2020), authors: Gurtej Kanwar; Michael S. Albergo; Denis Boyda; K. Cranmer; Daniel C. Hackett; Sébastien Racanière; Danilo Jimenez Rezende; Phiala E. Shanahan",verified,6f5d0bb1effda44b3fcb55d40ba679495428944a8988c71c61e7ccf19258d1f4
E-200306413-P,P016,2003.06413,problem,https://arxiv.org/abs/2003.06413,sources/pdfs/2003.06413.pdf,PDF p.1 abstract,Topological freezing makes gauge-field MCMC inefficient toward the continuum limit.,full_text_manual,6f5d0bb1effda44b3fcb55d40ba679495428944a8988c71c61e7ccf19258d1f4
E-200306413-M,P016,2003.06413,method,https://arxiv.org/abs/2003.06413,sources/pdfs/2003.06413.pdf,PDF pp.2-4 method,Construct gauge-equivariant normalizing-flow coupling layers and use them as independence-Metropolis proposals in 2D U(1).,full_text_manual,6f5d0bb1effda44b3fcb55d40ba679495428944a8988c71c61e7ccf19258d1f4
E-200306413-R,P016,2003.06413,result,https://arxiv.org/abs/2003.06413,sources/pdfs/2003.06413.pdf,PDF pp.4-5 results,"For the tested beta=7, 16x16 setup, topological autocorrelation is far smaller than HMC/heat bath and the paper reports large efficiency gains for topological observables.",full_text_manual,6f5d0bb1effda44b3fcb55d40ba679495428944a8988c71c61e7ccf19258d1f4
E-200306413-L,P016,2003.06413,limitation,https://arxiv.org/abs/2003.06413,sources/pdfs/2003.06413.pdf,PDF p.5 summary,This is an Abelian 2D proof of principle; expressive invertible kernels for non-Abelian theories and full scaling remained future work.,full_text_manual,6f5d0bb1effda44b3fcb55d40ba679495428944a8988c71c61e7ccf19258d1f4
E-220211712-I,P017,2202.11712,identity,https://arxiv.org/abs/2202.11712,sources/pdfs/2202.11712.pdf,PDF p.1 + current arXiv metadata,"Flow-based sampling in the lattice Schwinger model at criticality (2022), authors: Albergo, Michael S. and Boyda, Denis and Cranmer, Kyle and Hackett, Daniel C. and Kanwar, Gurtej and Racani \`e re, S \'e bastien and Rezende, Danilo J. and Romero-L \'o pez, Fernando and Shanahan, Phiala E. and Urban, Julian M.",verified,8586e34ea00b8a83522e6b83b55e05404df7129ed95bda97a218b12fcfb44fe8
E-220211712-P,P017,2202.11712,problem,https://arxiv.org/abs/2202.11712,sources/pdfs/2202.11712.pdf,PDF p.1 abstract and introduction,Sample all topological sectors of the critical lattice Schwinger model when conventional HMC streams can freeze and underestimate uncertainty.,full_text_manual,8586e34ea00b8a83522e6b83b55e05404df7129ed95bda97a218b12fcfb44fe8
E-220211712-M,P017,2202.11712,method,https://arxiv.org/abs/2202.11712,sources/pdfs/2202.11712.pdf,PDF pp.1-3,Train a symmetry-aware flow and use it inside an exact flow-based MCMC sampler for the fermionic gauge theory.,full_text_manual,8586e34ea00b8a83522e6b83b55e05404df7129ed95bda97a218b12fcfb44fe8
E-220211712-R,P017,2202.11712,result,https://arxiv.org/abs/2202.11712,sources/pdfs/2202.11712.pdf,PDF pp.3-4,"At the tested critical parameters, the paper reports frequent topological tunneling and an estimated sampling-efficiency advantage of more than three orders of magnitude over its HMC setup.",full_text_manual,8586e34ea00b8a83522e6b83b55e05404df7129ed95bda97a218b12fcfb44fe8
E-220211712-L,P017,2202.11712,limitation,https://arxiv.org/abs/2202.11712,sources/pdfs/2202.11712.pdf,PDF p.4 conclusion and outlook,"The comparison excludes full setup and raw computational costs, and exact determinant evaluation is not scalable to large volumes or higher dimensions.",full_text_manual,8586e34ea00b8a83522e6b83b55e05404df7129ed95bda97a218b12fcfb44fe8
E-211002673-I,P018,2110.02673,identity,https://arxiv.org/abs/2110.02673,sources/pdfs/2110.02673.pdf,PDF p.1 + current arXiv metadata,"Scaling Up Machine Learning For Quantum Field Theory with Equivariant Continuous Flows (2021), authors: Pim de Haan and Corrado Rainone and Miranda C. N. Cheng and Roberto Bondesan",verified,8cc983701e0b464b438e03457414b6d05545c7805f605865f8dd3f586755754c
E-211002673-P,P018,2110.02673,problem,https://arxiv.org/abs/2110.02673,sources/pdfs/2110.02673.pdf,PDF p.1 abstract and pp.1-2 introduction,Improve the scaling and sampling efficiency of flow models as lattice size grows.,full_text_manual,8cc983701e0b464b438e03457414b6d05545c7805f605865f8dd3f586755754c
E-211002673-M,P018,2110.02673,method,https://arxiv.org/abs/2110.02673,sources/pdfs/2110.02673.pdf,PDF pp.3-5,Use a shallow symmetry-aware continuous normalizing flow based on a neural ODE and handcrafted equivariant features.,full_text_manual,8cc983701e0b464b438e03457414b6d05545c7805f605865f8dd3f586755754c
E-211002673-R,P018,2110.02673,result,https://arxiv.org/abs/2110.02673,sources/pdfs/2110.02673.pdf,PDF p.1 abstract and pp.5-7 experiments,"On the paper's largest 32 by 32 phi4 lattice, the abstract reports ESS increasing from 1 percent for the RealNVP baseline to 66 percent for the proposed model.",full_text_manual,8cc983701e0b464b438e03457414b6d05545c7805f605865f8dd3f586755754c
E-211002673-L,P018,2110.02673,limitation,https://arxiv.org/abs/2110.02673,sources/pdfs/2110.02673.pdf,PDF p.7 conclusion,The tests use a simple scalar theory; systematic scaling and locally gauge-equivariant extensions needed for QCD remain future work.,full_text_manual,8cc983701e0b464b438e03457414b6d05545c7805f605865f8dd3f586755754c
E-200707115-I,P019,2007.07115,identity,https://arxiv.org/abs/2007.07115,sources/pdfs/2007.07115.pdf,PDF p.1 + current arXiv metadata,"Estimation of Thermodynamic Observables in Lattice Field Theories with Deep Generative Models (2021), authors: Nicoli, Kim A. and Anders, Christopher J. and Funcke, Lena and Hartung, Tobias and Jansen, Karl and Kessel, Pan and Nakajima, Shinichi and Stornati, Paolo",verified,2adb146d491a4ec0e09d1a680fd3455ebfa54567722c8f42472e6843dd6a6ee7
E-200707115-P,P019,2007.07115,problem,https://arxiv.org/abs/2007.07115,sources/pdfs/2007.07115.pdf,PDF pp.1-2,Estimate an absolute free energy without integrating many MCMC free-energy differences and accumulating trajectory errors.,full_text_manual,2adb146d491a4ec0e09d1a680fd3455ebfa54567722c8f42472e6843dd6a6ee7
E-200707115-M,P019,2007.07115,method,https://arxiv.org/abs/2007.07115,sources/pdfs/2007.07115.pdf,PDF pp.2-4,Train a tractable normalizing-flow density and use model samples and density ratios to estimate the partition function and free energy directly.,full_text_manual,2adb146d491a4ec0e09d1a680fd3455ebfa54567722c8f42472e6843dd6a6ee7
E-200707115-R,P019,2007.07115,result,https://arxiv.org/abs/2007.07115,sources/pdfs/2007.07115.pdf,PDF pp.3-5 and figures,"For the tested two-dimensional phi4 systems, the direct flow estimates agree with the paper's analytic and MCMC comparisons.",full_text_manual,2adb146d491a4ec0e09d1a680fd3455ebfa54567722c8f42472e6843dd6a6ee7
E-200707115-L,P019,2007.07115,limitation,https://arxiv.org/abs/2007.07115,sources/pdfs/2007.07115.pdf,PDF p.5 conclusion,The demonstration is restricted to two-dimensional phi4; scaling to four-dimensional gauge theories is left to future work.,full_text_manual,2adb146d491a4ec0e09d1a680fd3455ebfa54567722c8f42472e6843dd6a6ee7
E-250107371-I,P020,2501.07371,identity,https://arxiv.org/abs/2501.07371,sources/pdfs/2501.07371.pdf,PDF p.1 + current arXiv metadata,"Simulating the Hubbard Model with Equivariant Normalizing Flows (2025), authors: Dominic Schuh; Janik Kreit; Evan Berkowitz; Lena Funcke; Thomas Luu; Kim A. Nicoli; Marcel Rodekamp",verified,cf276c695175b749c9bca7ab8d8d41d986c1fab2b591bc73ab3f3015d82f955e
E-250107371-P,P020,2501.07371,problem,https://arxiv.org/abs/2501.07371,sources/pdfs/2501.07371.pdf,PDF p.1 abstract and pp.3-4,Mitigate severe ergodicity barriers encountered by HMC in small Hubbard-model systems.,full_text_manual,cf276c695175b749c9bca7ab8d8d41d986c1fab2b591bc73ab3f3015d82f955e
E-250107371-M,P020,2501.07371,method,https://arxiv.org/abs/2501.07371,sources/pdfs/2501.07371.pdf,PDF pp.5-9,Construct normalizing flows equivariant under selected Hubbard symmetries and apply NeuralMCMC metropolization to the generated proposals.,full_text_manual,cf276c695175b749c9bca7ab8d8d41d986c1fab2b591bc73ab3f3015d82f955e
E-250107371-R,P020,2501.07371,result,https://arxiv.org/abs/2501.07371,sources/pdfs/2501.07371.pdf,PDF pp.8-11 and Table 1,"For the tested 2 by 1 and 2 by 2 systems, equivariance reduces training cost and improves acceptance and autocorrelation relative to the non-equivariant model.",full_text_manual,cf276c695175b749c9bca7ab8d8d41d986c1fab2b591bc73ab3f3015d82f955e
E-250107371-L,P020,2501.07371,limitation,https://arxiv.org/abs/2501.07371,sources/pdfs/2501.07371.pdf,PDF pp.10-11 conclusion,This is a small-system proof of concept; preserving bijectivity under canonicalization and scaling to larger temporal extent remain unresolved.,full_text_manual,cf276c695175b749c9bca7ab8d8d41d986c1fab2b591bc73ab3f3015d82f955e
E-210108176-I,P021,2101.08176,identity,https://arxiv.org/abs/2101.08176,sources/pdfs/2101.08176.pdf,PDF p.1 + current arXiv metadata,"Introduction to Normalizing Flows for Lattice Field Theory (2021), authors: Michael S. Albergo; Denis Boyda; Daniel C. Hackett; Gurtej Kanwar; Kyle Cranmer; Sébastien Racanière; Danilo Jimenez Rezende; Phiala E. Shanahan",verified,1b0caf63db00d605563de7cf56b5905c2572ee02dbdca7aaaf187231fa1a7822
E-210108176-P,P021,2101.08176,problem,https://arxiv.org/abs/2101.08176,sources/pdfs/2101.08176.pdf,PDF p.1 abstract and introduction,"Provide a concrete, reproducible introduction to flow-based sampling for scalar and gauge lattice field theories.",full_text_manual,1b0caf63db00d605563de7cf56b5905c2572ee02dbdca7aaaf187231fa1a7822
E-210108176-M,P021,2101.08176,method,https://arxiv.org/abs/2101.08176,sources/pdfs/2101.08176.pdf,PDF pp.4-18 and pp.30-38,"Build change-of-variable flow models, train them with reverse KL using model samples, and encode lattice and U(1) gauge symmetries in coupling layers.",full_text_manual,1b0caf63db00d605563de7cf56b5905c2572ee02dbdca7aaaf187231fa1a7822
E-210108176-R,P021,2101.08176,result,https://arxiv.org/abs/2101.08176,sources/pdfs/2101.08176.pdf,PDF notebook examples throughout,The document supplies executable scalar and U(1) examples and implementation guidance; it is primarily a tutorial rather than a new broad benchmark claim.,full_text_manual,1b0caf63db00d605563de7cf56b5905c2572ee02dbdca7aaaf187231fa1a7822
E-210108176-L,P021,2101.08176,limitation,https://arxiv.org/abs/2101.08176,sources/pdfs/2101.08176.pdf,PDF p.17 and p.38,"Reverse-KL self-training is mode-seeking for multimodal targets, and higher-dimensional gauge-equivariant masking remains an open design problem.",full_text_manual,1b0caf63db00d605563de7cf56b5905c2572ee02dbdca7aaaf187231fa1a7822
E-240915937-I,P022,2409.15937,identity,https://arxiv.org/abs/2409.15937,sources/pdfs/2409.15937.pdf,PDF p.1 + current arXiv metadata,"Numerical determination of the width and shape of the effective string using Stochastic Normalizing Flows (2024), authors: Michele Caselle; Elia Cellini; Alessandro Nada",verified,1678a1c65e7728818bd4a3b732b61458efc23b3f7db868c774a7c1a03ccbd329
E-240915937-P,P022,2409.15937,problem,https://arxiv.org/abs/2409.15937,sources/pdfs/2409.15937.pdf,PDF p.1 abstract,Compute effective-string observables that are difficult to sample accurately with conventional local updates.,full_text_manual,1678a1c65e7728818bd4a3b732b61458efc23b3f7db868c774a7c1a03ccbd329
E-240915937-M,P022,2409.15937,method,https://arxiv.org/abs/2409.15937,sources/pdfs/2409.15937.pdf,PDF method sections,Use stochastic normalizing flows that interleave invertible layers with stochastic nonequilibrium updates.,full_text_manual,1678a1c65e7728818bd4a3b732b61458efc23b3f7db868c774a7c1a03ccbd329
E-240915937-R,P022,2409.15937,result,https://arxiv.org/abs/2409.15937,sources/pdfs/2409.15937.pdf,"PDF results and conclusion, around pp.15-20","The method reproduces Nambu-Goto benchmarks and is used to study string width, flux-tube shape and beyond-leading behavior.",full_text_manual,1678a1c65e7728818bd4a3b732b61458efc23b3f7db868c774a7c1a03ccbd329
E-240915937-L,P022,2409.15937,limitation,https://arxiv.org/abs/2409.15937,sources/pdfs/2409.15937.pdf,PDF p.20 conclusion,"This is an effective-string application, not a general scaling demonstration for realistic gauge theories; more complex models remain future work.",full_text_manual,1678a1c65e7728818bd4a3b732b61458efc23b3f7db868c774a7c1a03ccbd329
E-251219575-I,P023,2512.19575,identity,https://arxiv.org/abs/2512.19575,sources/pdfs/2512.19575.pdf,PDF p.1 + current arXiv metadata,"Variational Autoregressive Networks Applied to $^4$ Field Theory Systems (2025), authors: Qian, Moxian and Chen, Shiyang",verified,7572feab34168a4a32c01d6d2f9f00b5dd7bac62603476104e4d488363da9b96
E-251219575-P,P023,2512.19575,problem,https://arxiv.org/abs/2512.19575,sources/pdfs/2512.19575.pdf,PDF p.1 abstract,Build data-free autoregressive samplers for discrete and continuous lattice systems and reduce residual proposal bias.,full_text_manual,7572feab34168a4a32c01d6d2f9f00b5dd7bac62603476104e4d488363da9b96
E-251219575-M,P023,2512.19575,method,https://arxiv.org/abs/2512.19575,sources/pdfs/2512.19575.pdf,PDF pp.2-8 method,"Train variational autoregressive networks, add single-site/block MH corrections, and use transfer learning across coupling and size.",full_text_manual,7572feab34168a4a32c01d6d2f9f00b5dd7bac62603476104e4d488363da9b96
E-251219575-R,P023,2512.19575,result,https://arxiv.org/abs/2512.19575,sources/pdfs/2512.19575.pdf,PDF pp.16-17 conclusion,VAN+MH agrees with HMC on the tested Ising/phi4 systems and transfer learning reduces training epochs in the reported ranges.,full_text_manual,7572feab34168a4a32c01d6d2f9f00b5dd7bac62603476104e4d488363da9b96
E-251219575-L,P023,2512.19575,limitation,https://arxiv.org/abs/2512.19575,sources/pdfs/2512.19575.pdf,PDF p.17 conclusion,"Only small lattices/parameter ranges are tested; gauge theories, larger finite-size scaling and other correction mechanisms remain open.",full_text_manual,7572feab34168a4a32c01d6d2f9f00b5dd7bac62603476104e4d488363da9b96
E-220700283-I,P024,2207.00283,identity,https://arxiv.org/abs/2207.00283,sources/pdfs/2207.00283.pdf,PDF p.1 + current arXiv metadata,"Learning lattice quantum field theories with equivariant continuous flows (2023), authors: Gerdes, Mathis and de Haan, Pim and Rainone, Corrado and Bondesan, Roberto and Cheng, Miranda C. N.",verified,430e9eac53156a514fa6e97a401e8a9118ebd632530f5b7ffe7cf81f76751286
E-220700283-P,P024,2207.00283,problem,https://arxiv.org/abs/2207.00283,sources/pdfs/2207.00283.pdf,PDF pp.1-2,Reduce critical-slowing and retraining costs when lattice size or theory parameters change.,full_text_manual,430e9eac53156a514fa6e97a401e8a9118ebd632530f5b7ffe7cf81f76751286
E-220700283-M,P024,2207.00283,method,https://arxiv.org/abs/2207.00283,sources/pdfs/2207.00283.pdf,PDF pp.4-7,Use a fully equivariant continuous flow with theory conditioning and parameter transfer across couplings and lattice sizes.,full_text_manual,430e9eac53156a514fa6e97a401e8a9118ebd632530f5b7ffe7cf81f76751286
E-220700283-R,P024,2207.00283,result,https://arxiv.org/abs/2207.00283,sources/pdfs/2207.00283.pdf,PDF pp.7-10,"In the tested two-dimensional phi4 models, the method improves flow sampling efficiency and transfers learned parameters across nearby theories and lattice sizes.",full_text_manual,430e9eac53156a514fa6e97a401e8a9118ebd632530f5b7ffe7cf81f76751286
E-220700283-L,P024,2207.00283,limitation,https://arxiv.org/abs/2207.00283,sources/pdfs/2207.00283.pdf,PDF p.10 conclusion,Evidence is limited to scalar fields; gauge-theory equivariance and the training-time versus final-ESS tradeoff remain open.,full_text_manual,430e9eac53156a514fa6e97a401e8a9118ebd632530f5b7ffe7cf81f76751286
E-210700734-I,P025,2107.00734,identity,https://arxiv.org/abs/2107.00734,sources/pdfs/2107.00734.pdf,PDF p.1 + current arXiv metadata,"Flow-based sampling for multimodal and extended-mode distributions in lattice field theory (2025), authors: Daniel C. Hackett and Chung-Chun Hsieh and Sahil Pontula and Michael S. Albergo and Denis Boyda and Jiunn-Wei Chen and Kai-Feng Chen and Kyle Cranmer and Gurtej Kanwar and Phiala E. Shanahan",verified,55998cffeab28dbcff6ac5448733fed20458dee16301075dfbecdf81914f8d69
E-210700734-P,P025,2107.00734,problem,https://arxiv.org/abs/2107.00734,sources/pdfs/2107.00734.pdf,PDF p.1 abstract,Reverse-KL flow training can collapse modes or miss low-density inner tails even when global metrics look good.,full_text_manual,55998cffeab28dbcff6ac5448733fed20458dee16301075dfbecdf81914f8d69
E-210700734-M,P025,2107.00734,method,https://arxiv.org/abs/2107.00734,sources/pdfs/2107.00734.pdf,PDF method sections,"Develop topology matching, equivariant/mixture architectures, forward-KL/adaptive retraining and composite HMC+flow sampling.",full_text_manual,55998cffeab28dbcff6ac5448733fed20458dee16301075dfbecdf81914f8d69
E-210700734-R,P025,2107.00734,result,https://arxiv.org/abs/2107.00734,sources/pdfs/2107.00734.pdf,PDF pp.36-38 conclusion,"The tested methods alleviate mode collapse in real and complex scalar theories, while hybrid chains escape high-weight tails more reliably.",full_text_manual,55998cffeab28dbcff6ac5448733fed20458dee16301075dfbecdf81914f8d69
E-210700734-L,P025,2107.00734,limitation,https://arxiv.org/abs/2107.00734,sources/pdfs/2107.00734.pdf,PDF pp.37-38 conclusion,"Inner-tail mismodeling persists, metrics can be deceptive, and architecture/training must be specialized; comparative cost is application dependent.",full_text_manual,55998cffeab28dbcff6ac5448733fed20458dee16301075dfbecdf81914f8d69
E-221103470-I,P026,2211.03470,identity,https://arxiv.org/abs/2211.03470,sources/pdfs/2211.03470.pdf,PDF p.1 + current arXiv metadata,"Fourier-flow model generating Feynman paths (2023), authors: Chen, Shile and Savchuk, Oleh and Zheng, Shiqi and Chen, Baoyi and Stoecker, Horst and Wang, Lingxiao and Zhou, Kai",verified,8e482ee920bbf3b9ca44023894e529b46ca7d3df0e621f168e2954ec28cd4a18
E-221103470-P,P026,2211.03470,problem,https://arxiv.org/abs/2211.03470,sources/pdfs/2211.03470.pdf,PDF p.1 abstract,Generate periodic Feynman paths efficiently for harmonic and double-well quantum-mechanical systems.,full_text_manual,8e482ee920bbf3b9ca44023894e529b46ca7d3df0e621f168e2954ec28cd4a18
E-221103470-M,P026,2211.03470,method,https://arxiv.org/abs/2211.03470,sources/pdfs/2211.03470.pdf,PDF pp.2-4,Combine a discrete Fourier representation with RealNVP to encode periodic path structure and use the trained Fourier flow either directly or as an MCMC proposal.,full_text_manual,8e482ee920bbf3b9ca44023894e529b46ca7d3df0e621f168e2954ec28cd4a18
E-221103470-R,P026,2211.03470,result,https://arxiv.org/abs/2211.03470,sources/pdfs/2211.03470.pdf,PDF pp.4-5 and Table II,"For the tested oscillators, reported low-energy observables track MCMC, while the augmented chain has acceptance above 50 percent and reduced autocorrelation.",full_text_manual,8e482ee920bbf3b9ca44023894e529b46ca7d3df0e621f168e2954ec28cd4a18
E-221103470-L,P026,2211.03470,limitation,https://arxiv.org/abs/2211.03470,sources/pdfs/2211.03470.pdf,PDF pp.4-5 summary,"The evidence is quantum-mechanical and low-dimensional; difficult double wells expose standalone-flow errors, and extension to QFT is future work.",full_text_manual,8e482ee920bbf3b9ca44023894e529b46ca7d3df0e621f168e2954ec28cd4a18
E-241219109-I,P027,2412.19109,identity,https://arxiv.org/abs/2412.19109,sources/pdfs/2412.19109.pdf,PDF p.1 + current arXiv metadata,"Stochastic normalizing flows for Effective String Theory (2024), authors: Michele Caselle; Elia Cellini; Alessandro Nada",verified,dc3b3f846eb7f13f9b9a50021f993ab6bc34c8755a9fe3cdb5f9a3dcf7a41536
E-241219109-P,P027,2412.19109,problem,https://arxiv.org/abs/2412.19109,sources/pdfs/2412.19109.pdf,PDF p.1 abstract,Apply stochastic normalizing flows to effective-string observables with reduced autocorrelation and controlled estimates.,full_text_manual,dc3b3f846eb7f13f9b9a50021f993ab6bc34c8755a9fe3cdb5f9a3dcf7a41536
E-241219109-M,P027,2412.19109,method,https://arxiv.org/abs/2412.19109,sources/pdfs/2412.19109.pdf,PDF pp.2-5 method,Combine normalizing-flow transformations with stochastic updates along an interpolating protocol.,full_text_manual,dc3b3f846eb7f13f9b9a50021f993ab6bc34c8755a9fe3cdb5f9a3dcf7a41536
E-241219109-R,P027,2412.19109,result,https://arxiv.org/abs/2412.19109,sources/pdfs/2412.19109.pdf,PDF results section,The proceedings contribution reports Binder and flux-profile observables consistent with reference expectations.,full_text_manual,dc3b3f846eb7f13f9b9a50021f993ab6bc34c8755a9fe3cdb5f9a3dcf7a41536
E-241219109-L,P027,2412.19109,limitation,https://arxiv.org/abs/2412.19109,sources/pdfs/2412.19109.pdf,PDF final section,Proceedings-scale evidence and one application domain limit conclusions about general scalability.,full_text_manual,dc3b3f846eb7f13f9b9a50021f993ab6bc34c8755a9fe3cdb5f9a3dcf7a41536
E-181012879-I,P028,1810.12879,identity,https://arxiv.org/abs/1810.12879,sources/pdfs/1810.12879.pdf,PDF p.1 + current arXiv metadata,"Regressive and generative neural networks for scalar field theory (2019), authors: Zhou, Kai and Endr o di, Gergely and Pang, Long-Gang and St \""o cker, Horst",verified,6b373eb105b8b8230ed2f0d82e095b42e76311c914770ddbc6123fc8a007db81
E-181012879-P,P028,1810.12879,problem,https://arxiv.org/abs/1810.12879,sources/pdfs/1810.12879.pdf,PDF p.1 abstract and introduction,"Explore whether neural networks can classify phases, predict observables, and generate configurations for a finite-density scalar lattice theory.",full_text_manual,6b373eb105b8b8230ed2f0d82e095b42e76311c914770ddbc6123fc8a007db81
E-181012879-M,P028,1810.12879,method,https://arxiv.org/abs/1810.12879,sources/pdfs/1810.12879.pdf,PDF pp.1-3 and Appendix B,Train supervised regressors/classifiers and a conditional GAN on configurations generated by a conventional worm algorithm.,full_text_manual,6b373eb105b8b8230ed2f0d82e095b42e76311c914770ddbc6123fc8a007db81
E-181012879-R,P028,1810.12879,result,https://arxiv.org/abs/1810.12879,sources/pdfs/1810.12879.pdf,PDF pp.4-8,"Within the tested scalar model, the networks recognize phases and observables beyond the training point, while generated configurations reproduce selected distributional features and a local constraint.",full_text_manual,6b373eb105b8b8230ed2f0d82e095b42e76311c914770ddbc6123fc8a007db81
E-181012879-L,P028,1810.12879,limitation,https://arxiv.org/abs/1810.12879,sources/pdfs/1810.12879.pdf,PDF p.1 introduction and p.8 Sec. IV,This is a training-data-dependent proof of concept; generated samples are not an exact target sampler and extension outside the tested regime is prospective.,full_text_manual,6b373eb105b8b8230ed2f0d82e095b42e76311c914770ddbc6123fc8a007db81
E-240918861-I,P029,2409.18861,identity,https://arxiv.org/abs/2409.18861,sources/pdfs/2409.18861.pdf,PDF p.1 + current arXiv metadata,"Sampling SU(3) pure gauge theory with Stochastic Normalizing Flows (2024), authors: Andrea Bulgarelli; Elia Cellini; Alessandro Nada",verified,662102a173db6d419f701a1247050e5d023acc0f0182a1d7a5c0719b04a82d5f
E-240918861-P,P029,2409.18861,problem,https://arxiv.org/abs/2409.18861,sources/pdfs/2409.18861.pdf,PDF p.1 abstract,Mitigate critical slowing/topological freezing in 4D SU(3) while retaining favorable nonequilibrium scaling.,full_text_manual,662102a173db6d419f701a1247050e5d023acc0f0182a1d7a5c0719b04a82d5f
E-240918861-M,P029,2409.18861,method,https://arxiv.org/abs/2409.18861,sources/pdfs/2409.18861.pdf,PDF pp.2-6 method,Insert gauge-equivariant coupling layers into a non-equilibrium Monte Carlo protocol and train by dissipated-work/KL reduction.,full_text_manual,662102a173db6d419f701a1247050e5d023acc0f0182a1d7a5c0719b04a82d5f
E-240918861-R,P029,2409.18861,result,https://arxiv.org/abs/2409.18861,sources/pdfs/2409.18861.pdf,"PDF pp.6-7, Figs. 2-3",SNF reaches similar KL/ESS with about half the protocol steps of NE-MCMC and inherits the tested volume scaling.,full_text_manual,662102a173db6d419f701a1247050e5d023acc0f0182a1d7a5c0719b04a82d5f
E-240918861-L,P029,2409.18861,limitation,https://arxiv.org/abs/2409.18861,sources/pdfs/2409.18861.pdf,PDF pp.7-8 conclusion,Changing all links still implies n_step proportional to volume and becomes very expensive on fine lattices; protocol and architecture optimization remain open.,full_text_manual,662102a173db6d419f701a1247050e5d023acc0f0182a1d7a5c0719b04a82d5f
E-221107541-I,P030,2211.07541,identity,https://arxiv.org/abs/2211.07541,sources/pdfs/2211.07541.pdf,PDF p.1 + current arXiv metadata,"Aspects of scaling and scalability for flow-based sampling of lattice QCD (2022), authors: Ryan Abbott; Michael S. Albergo; Aleksandar Botev; Denis Boyda; K. Cranmer; Daniel C. Hackett; Alexander Matthews; Sébastien Racanière; Ali Razavi; Danilo Jimenez Rezende; Fernando Romero-López; Phiala E. Shanahan; Julian M. Urban",verified,7852044405efbe657ad5dece5b84c3d50ede2214c051159b84787eddd4c40542
E-221107541-P,P030,2211.07541,problem,https://arxiv.org/abs/2211.07541,sources/pdfs/2211.07541.pdf,PDF p.1 abstract,Determine whether flow-based lattice-QCD sampling is actually scalable rather than extrapolating from toy-model ESS.,full_text_manual,7852044405efbe657ad5dece5b84c3d50ede2214c051159b84787eddd4c40542
E-221107541-M,P030,2211.07541,method,https://arxiv.org/abs/2211.07541,sources/pdfs/2211.07541.pdf,PDF pp.3-8 analysis,"Decompose training, proposal and correction costs and analyze how architecture, transfer learning, stopping rules and protocols change scaling.",full_text_manual,7852044405efbe657ad5dece5b84c3d50ede2214c051159b84787eddd4c40542
E-221107541-R,P030,2211.07541,result,https://arxiv.org/abs/2211.07541,sources/pdfs/2211.07541.pdf,PDF pp.1-8,The paper shows that no single flow scaling law is meaningful; scalability must be assessed experimentally for each full algorithm.,full_text_manual,7852044405efbe657ad5dece5b84c3d50ede2214c051159b84787eddd4c40542
E-221107541-L,P030,2211.07541,limitation,https://arxiv.org/abs/2211.07541,sources/pdfs/2211.07541.pdf,PDF pp.7-10 limitations/discussion,"Training cost can vary by orders of magnitude with protocol, and state-of-the-art QCD viability remains unproven.",full_text_manual,7852044405efbe657ad5dece5b84c3d50ede2214c051159b84787eddd4c40542
E-260708505-I,P031,2607.08505,identity,https://arxiv.org/abs/2607.08505,sources/pdfs/2607.08505.pdf,PDF p.1 + current arXiv metadata,"Diffusion Models for Sampling Near Criticality in Lattice Field Theories (2026), authors: Yang-yang Tan; Gert Aarts; Diaa E. Habibi; Biagio Lucini; Lingxiao Wang",verified,29e9de724ae484a7998d3044fc9e34cb8edb16e812918f71c2d57359e4d73572
E-260708505-P,P031,2607.08505,problem,https://arxiv.org/abs/2607.08505,sources/pdfs/2607.08505.pdf,PDF p.1 abstract,Test diffusion sampling near criticality and whether training on cheap small volumes transfers to unseen large lattices.,full_text_manual,29e9de724ae484a7998d3044fc9e34cb8edb16e812918f71c2d57359e4d73572
E-260708505-M,P031,2607.08505,method,https://arxiv.org/abs/2607.08505,sources/pdfs/2607.08505.pdf,PDF methods and Sec. V,"Use a fully convolutional reverse-SDE score model trained across volumes, plus score, MALA-acceptance and HMC-referenced ESS diagnostics.",full_text_manual,29e9de724ae484a7998d3044fc9e34cb8edb16e812918f71c2d57359e4d73572
E-260708505-R,P031,2607.08505,result,https://arxiv.org/abs/2607.08505,sources/pdfs/2607.08505.pdf,PDF pp.20-21 summary,"Cross-volume models reproduce most 2D/3D phi4 observables and the propagator at unseen sizes, including L=64, with strongest residuals in infrared/zero-mode quantities.",full_text_manual,29e9de724ae484a7998d3044fc9e34cb8edb16e812918f71c2d57359e4d73572
E-260708505-L,P031,2607.08505,limitation,https://arxiv.org/abs/2607.08505,sources/pdfs/2607.08505.pdf,PDF pp.20-21 summary/outlook,"Results use scalar theories, support filters and 2000 score evaluations; zero-mode/action-density bias, transfer range, gauge equivariance and fermions remain open.",full_text_manual,29e9de724ae484a7998d3044fc9e34cb8edb16e812918f71c2d57359e4d73572
E-230917082-I,P032,2309.17082,identity,https://arxiv.org/abs/2309.17082,sources/pdfs/2309.17082.pdf,PDF p.1 + current arXiv metadata,"Diffusion Models as Stochastic Quantization in Lattice Field Theory (2023), authors: Lingxiao Wang; Gert Aarts; Kai Zhou",verified,3c6e52dcbf2a73118d59cb87490bb843ddbebce1e46c73b93f68caa144f242bc
E-230917082-P,P032,2309.17082,problem,https://arxiv.org/abs/2309.17082,sources/pdfs/2309.17082.pdf,PDF p.1 abstract,Relate modern denoising diffusion to stochastic quantization and use it to reduce lattice-chain autocorrelation.,full_text_manual,3c6e52dcbf2a73118d59cb87490bb843ddbebce1e46c73b93f68caa144f242bc
E-230917082-M,P032,2309.17082,method,https://arxiv.org/abs/2309.17082,sources/pdfs/2309.17082.pdf,PDF pp.3-13 theory/method,Learn a reverse Langevin/score process from HMC data and deploy it as a global proposal in 2D phi4.,full_text_manual,3c6e52dcbf2a73118d59cb87490bb843ddbebce1e46c73b93f68caa144f242bc
E-230917082-R,P032,2309.17082,result,https://arxiv.org/abs/2309.17082,sources/pdfs/2309.17082.pdf,PDF pp.14-19 results,The trained model reproduces tested configurations and reduces autocorrelation in symmetric and broken phases.,full_text_manual,3c6e52dcbf2a73118d59cb87490bb843ddbebce1e46c73b93f68caa144f242bc
E-230917082-L,P032,2309.17082,limitation,https://arxiv.org/abs/2309.17082,sources/pdfs/2309.17082.pdf,PDF pp.19-20 conclusion,"The study is a simple 2D demonstration and leaves data-free training, non-Abelian fields, fermions and complex actions unresolved.",full_text_manual,3c6e52dcbf2a73118d59cb87490bb843ddbebce1e46c73b93f68caa144f242bc
E-251026081-I,P033,2510.26081,identity,https://arxiv.org/abs/2510.26081,sources/pdfs/2510.26081.pdf,PDF p.1 + current arXiv metadata,"Group-Equivariant Diffusion Models for Lattice Field Theory (2025), authors: Octavio Vega; Javad Komijani; Aida El-Khadra; Marina Marinkovic",verified,c315ee3cd880525f23586972af6fc9b50417a6a4799fc956b65e2a6f1c1acc6d
E-251026081-P,P033,2510.26081,problem,https://arxiv.org/abs/2510.26081,sources/pdfs/2510.26081.pdf,PDF p.1 abstract,Improve diffusion sample quality for scalar and gauge targets by encoding exact symmetries and target forces.,full_text_manual,c315ee3cd880525f23586972af6fc9b50417a6a4799fc956b65e2a6f1c1acc6d
E-251026081-M,P033,2510.26081,method,https://arxiv.org/abs/2510.26081,sources/pdfs/2510.26081.pdf,PDF pp.9-18 method,Use group-equivariant score networks with force-regularized score matching for 2D phi4 and U(1).,full_text_manual,c315ee3cd880525f23586972af6fc9b50417a6a4799fc956b65e2a6f1c1acc6d
E-251026081-R,P033,2510.26081,result,https://arxiv.org/abs/2510.26081,sources/pdfs/2510.26081.pdf,PDF pp.26-28 results/conclusion,Symmetry-aware models outperform generic scores and reproduce tested observables with ESS reported between 15% and 65% in U(1) examples.,full_text_manual,c315ee3cd880525f23586972af6fc9b50417a6a4799fc956b65e2a6f1c1acc6d
E-251026081-L,P033,2510.26081,limitation,https://arxiv.org/abs/2510.26081,sources/pdfs/2510.26081.pdf,PDF pp.27-29 conclusion,"ESS decreases with volume, sampling is computationally expensive, and higher dimensions, SU(3), fermions and integrator choices remain untested.",full_text_manual,c315ee3cd880525f23586972af6fc9b50417a6a4799fc956b65e2a6f1c1acc6d
E-260412416-I,P034,2604.12416,identity,https://arxiv.org/abs/2604.12416,sources/pdfs/2604.12416.pdf,PDF p.1 + current arXiv metadata,"Machine learning for four-dimensional SU(3) lattice gauge theories (2026), authors: Urs Wenger",verified,158c4d0098c9f26e872a06174056b0e50f947201238953bd71e5fd94416a9004
E-260412416-P,P034,2604.12416,problem,https://arxiv.org/abs/2604.12416,sources/pdfs/2604.12416.pdf,PDF p.1 abstract,Assess which machine-learning routes have credible prospects for 4D SU(3) lattice gauge theory.,full_text_manual,158c4d0098c9f26e872a06174056b0e50f947201238953bd71e5fd94416a9004
E-260412416-M,P034,2604.12416,method,https://arxiv.org/abs/2604.12416,sources/pdfs/2604.12416.pdf,PDF pp.3-12 review,"Review normalizing/stochastic flows, diffusion processes and learned renormalization-group/fixed-point actions with physics constraints.",full_text_manual,158c4d0098c9f26e872a06174056b0e50f947201238953bd71e5fd94416a9004
E-260412416-R,P034,2604.12416,result,https://arxiv.org/abs/2604.12416,sources/pdfs/2604.12416.pdf,PDF pp.12-14 summary,"The review identifies physics-conditioned diffusion, stochastic nonequilibrium flows and learned fixed-point actions as promising directions with some 4D evidence.",full_text_manual,158c4d0098c9f26e872a06174056b0e50f947201238953bd71e5fd94416a9004
E-260412416-L,P034,2604.12416,limitation,https://arxiv.org/abs/2604.12416,sources/pdfs/2604.12416.pdf,PDF pp.13-14 conclusion,"Most approaches remain exploratory; plain normalizing flows have not scaled simultaneously to 4D, large volume and fine spacing, and physics input appears essential.",full_text_manual,158c4d0098c9f26e872a06174056b0e50f947201238953bd71e5fd94416a9004
E-260120708-I,P035,2601.20708,identity,https://arxiv.org/abs/2601.20708,sources/pdfs/2601.20708.pdf,PDF p.1 + current arXiv metadata,"A scalable flow-based approach to mitigate topological freezing (2026), authors: Claudio Bonanno; Andrea Bulgarelli; Elia Cellini; Alessandro Nada; Dario Panfalone; Davide Vadacchino; Lorenzo Verzichelli",verified,d9ef54027185abea0d336993a8860c2c9c183eff1f4deb7ca54c6ab32ee5e821
E-260120708-P,P035,2601.20708,problem,https://arxiv.org/abs/2601.20708,sources/pdfs/2601.20708.pdf,PDF p.1 abstract,Use fast open-boundary topology dynamics while recovering periodic-boundary observables without boundary artifacts.,full_text_manual,d9ef54027185abea0d336993a8860c2c9c183eff1f4deb7ca54c6ab32ee5e821
E-260120708-M,P035,2601.20708,method,https://arxiv.org/abs/2601.20708,sources/pdfs/2601.20708.pdf,PDF pp.2-5 method,Train localized gauge-equivariant defect SNFs that interpolate OBC to PBC through nonequilibrium updates.,full_text_manual,d9ef54027185abea0d336993a8860c2c9c183eff1f4deb7ca54c6ab32ee5e821
E-260120708-R,P035,2601.20708,result,https://arxiv.org/abs/2601.20708,sources/pdfs/2601.20708.pdf,PDF pp.4-6 results/conclusion,"In tested 4D SU(3), defect SNF improves over NE-MCMC by about a factor of three at fixed estimator quality and reproduces topological susceptibility references.",full_text_manual,d9ef54027185abea0d336993a8860c2c9c183eff1f4deb7ca54c6ab32ee5e821
E-260120708-L,P035,2601.20708,limitation,https://arxiv.org/abs/2601.20708,sources/pdfs/2601.20708.pdf,PDF p.6 outlook,"Richer layers, optimized schedules and dynamical fermions remain open; the factor is setup specific.",full_text_manual,d9ef54027185abea0d336993a8860c2c9c183eff1f4deb7ca54c6ab32ee5e821
E-220803832-I,P036,2208.03832,identity,https://arxiv.org/abs/2208.03832,sources/pdfs/2208.03832.pdf,PDF p.1 + current arXiv metadata,"Sampling QCD field configurations with gauge-equivariant flow models (2022), authors: Ryan Abbott; Michael S. Albergo; Aleksandar Botev; Denis Boyda; Kyle Cranmer; Daniel C. Hackett; Gurtej Kanwar; Alexander G. D. G. Matthews; Sébastien Racanière; Ali Razavi; Danilo J. Rezende; Fernando Romero-López; Phiala E. Shanahan; Julian M. Urban",verified,f898d7877b6b74d39596791b907d71f76d1cda17338d7892b092113889203e1f
E-220803832-P,P036,2208.03832,problem,https://arxiv.org/abs/2208.03832,sources/pdfs/2208.03832.pdf,PDF p.1 abstract,Test whether gauge-equivariant flows can be assembled for dynamical-fermion QCD rather than only toy gauge systems.,full_text_manual,f898d7877b6b74d39596791b907d71f76d1cda17338d7892b092113889203e1f
E-220803832-M,P036,2208.03832,method,https://arxiv.org/abs/2208.03832,sources/pdfs/2208.03832.pdf,PDF pp.2-5 method,Combine marginal gauge and conditional pseudofermion flow models for a 4D two-flavor QCD demonstration.,full_text_manual,f898d7877b6b74d39596791b907d71f76d1cda17338d7892b092113889203e1f
E-220803832-R,P036,2208.03832,result,https://arxiv.org/abs/2208.03832,sources/pdfs/2208.03832.pdf,PDF pp.5-7 results,"On a 4^4 lattice the reweighted flow ensemble is statistically consistent with HMC for plaquette, Polyakov loop, pion correlator and topology.",full_text_manual,f898d7877b6b74d39596791b907d71f76d1cda17338d7892b092113889203e1f
E-220803832-L,P036,2208.03832,limitation,https://arxiv.org/abs/2208.03832,sources/pdfs/2208.03832.pdf,PDF pp.6-8 outlook,"The lattice is tiny; model/training choices and scaling tradeoffs are largely unexplored, and at-scale use requires major engineering/HPC integration.",full_text_manual,f898d7877b6b74d39596791b907d71f76d1cda17338d7892b092113889203e1f
E-260512597-I,P037,2605.12597,identity,https://arxiv.org/abs/2605.12597,sources/pdfs/2605.12597.pdf,PDF p.1 + current arXiv metadata,"The critical slowing down in diffusion models (2026), authors: Luca Maria Del Bono; Giulio Biroli; Patrick Charbonneau; Marylou Gabrié",verified,e8d9fd459e637d0a91ff900b4ba79b3efee4fd12011e27774e3daeaf4bad73f5
E-260512597-P,P037,2605.12597,problem,https://arxiv.org/abs/2605.12597,sources/pdfs/2605.12597.pdf,PDF p.1 abstract,Determine whether diffusion models automatically escape critical slowing down in training and generation.,full_text_manual,e8d9fd459e637d0a91ff900b4ba79b3efee4fd12011e27774e3daeaf4bad73f5
E-260512597-M,P037,2605.12597,method,https://arxiv.org/abs/2605.12597,sources/pdfs/2605.12597.pdf,PDF pp.7-15 theory/results,"Analyze score training and reverse generation exactly in the Gaussian O(n to infinity) model; compare one-layer, two-layer and local score architectures.",full_text_manual,e8d9fd459e637d0a91ff900b4ba79b3efee4fd12011e27774e3daeaf4bad73f5
E-260512597-R,P037,2605.12597,result,https://arxiv.org/abs/2605.12597,sources/pdfs/2605.12597.pdf,"PDF pp.12-15, Secs. IV-VI",A one-layer exact-form score learns with critical slowing and transmits it to generation; a two-layer/local architecture changes training scaling from quadratic to logarithmic in system size in the analyzed setting.,full_text_manual,e8d9fd459e637d0a91ff900b4ba79b3efee4fd12011e27774e3daeaf4bad73f5
E-260512597-L,P037,2605.12597,limitation,https://arxiv.org/abs/2605.12597,sources/pdfs/2605.12597.pdf,PDF pp.15-16 conclusion,The result is controlled only in the Gaussian O(n to infinity) limit; deeper architectures add overhead and finite-n/non-equilibrium systems remain open.,full_text_manual,e8d9fd459e637d0a91ff900b4ba79b3efee4fd12011e27774e3daeaf4bad73f5
