paper_id,arxiv_id,title,authors,year,selection_reason,facets,pdf_path,pages,problem_page_candidate,problem_excerpt_candidate,problem_locator_score,method_page_candidate,method_excerpt_candidate,method_locator_score,result_page_candidate,result_excerpt_candidate,result_locator_score,limitation_page_candidate,limitation_excerpt_candidate,limitation_locator_score
P_2606_13790,2606.13790,Stochastic Path Sampler For Lattice Field Theory,Shiyang Chen; Moxian Qian; Gert Aarts; Biagio Lucini; Kai Zhou,2026,root,correction;extension;identity;objective,sources/pdfs/2606.13790.pdf,33,2,Traditional Markov chain methods such as Hybrid Monte Carlo (HMC) typically face two classical challenges: (i) critical slowing down causes a dramatic increase in autocorrelation time; (ii) topological freezing prevents the Markov chain from adequately exploring different topological or symmetry sectors within finite time.,9,4,"In this paper, we propose the Stochastic Path Sampler (SPS), a neural sampler inspired by nonequilibrium thermodynamics and stochastic quantization [49, 50].",5,22,"The results show that SPS with IMH correction reproduces all physical quantities computed by HMC with high accuracy, including their behavior in the symmetric phase, the pseudocritical region, and the symmetry-broken phase.",6,24,"However, in the framework of this paper, SPS does not directly fit the score and does not impose this pointwise relation; rather, it learns drift pairs (Kθ,F , Kθ,B ) that reduce the path-space mismatch in a global variational sense.",6
P_2111_15141,2111.15141,Path Integral Sampler: a stochastic control approach for sampling,"Zhang, Qinsheng and Chen, Yongxin",2022,dijkstra_method_quota:path_space,lineage,sources/pdfs/2111.15141.pdf,26,1,"Despite its popularity, MCMC methods may suffer from long mixing time.",3,9,"In this work, we proposed a new sampling algorithm, Path Integral Sampler, based on the connections between sampling and stochastic control.",6,25,"G.2 FAILURE MODES In this section, we show some failure modes of PIS.",5,21,"It would be interesting to explore other prior dynamics or data-variant f , g in the future work, e.g., underdamped Langevin.",5
P_2302_13834,2302.13834,Denoising Diffusion Samplers,"Vargas, Francisco and Grathwohl, Will and Doucet, Arnaud",2023,dijkstra_method_quota:path_space,lineage,sources/pdfs/2302.13834.pdf,30,1,A large variety of Monte Carlo techniques has been developed to address this problem.,3,2,"We introduce C = C([0, T ], Rd ) the space of continuous functions from [0, T ] to Rd and B(C) the Borel sets on C.",4,23,C.8 E ULER –M AYURAMA VS E XPONENTIAL I NTEGRATOR In this section we demonstrate empirically how using the Euler Mayurama integrator directly on the DDS objective leads to overestimating ln Z.,5,24,"Alternative approaches exist based on smoothing the chaotic loss-landscape (Vicol et al., 2021) but we leave this for future work.",5
P_2307_01050,2307.01050,Transport meets Variational Inference: Controlled Monte Carlo Diffusions,"Vargas, Francisco and Padhy, Shreyas and Blessing, Denis and N \""u sken, Nikolas",2024,dijkstra_method_quota:path_space,lineage,sources/pdfs/2307.01050.pdf,43,2,"Framework 1 provides us with an objective to tackle the sampling problem as once LD (ϕ, θ) = 0, we can generate samples from ν(z) via the variational distribution q ϕ (z|x).",3,2,"(b), we have now laid the foundations for algorithmic approaches that aim at sampling from µ(x) by minimising LD (ϕ, θ): Framework 1.",3,38,"which we find performs quite well compared to our default loss function, especially for multimodal target distributions.",5,32,"The proof does not make use of specific properties of DKL , other than that it satisfies the chain rule.",5
P_2410_02711,2410.02711,NETS: A Non-Equilibrium Transport Sampler,"Albergo, Michael S. and Vanden-Eijnden, Eric",2024,dijkstra_method_quota:path_space,lineage,sources/pdfs/2410.02711.pdf,31,2,"Recent work built upon these ideas by recasting the challenge of estimating the drift coefficients in these dynamical equations as a problem of quadratic regression, most notably with score-based diffusion models (Ho et al., 2020; Song et al., 2020), and since then with more general frameworks (Albergo & Vanden-Eijnden, 2022; Lipman et al., 2022; Albergo et al., 2023; Liu et al., 2022; De Bortoli et al., 2021; Neklyudov et al., 2023).",4,1,"Albergo Eric Vanden-Eijnden Society of Fellows Courant Institute of Mathematical Sciences Harvard University New York University Cambridge, MA 02138, USA New York, NY 10012, USA malbergo@fas.harvard.edu eve2@cims.nyu.edu A BSTRACT arXiv:2410.02711v3 [cs.LG] 12 Jan 2025 We propose an algorithm, termed the Non-Equilibrium Transport Sampler (NETS), to sample from unnormalized probability distributions.",6,22,6.2 T IME - DISCRETIZED VERSION OF P ROPOSITION 3 Here we show how to generalize the result in Proposition 3 if we time discretize the SDE in (20) using Euler-Marayuma scheme and use some suitable time-discretized version of the ODE (21).,5,23,", K and any test function h : Rd → R, we have Z b̂ E[eÃtk h(X̃tb̂k )] b̂ h(x)ρtk (x)dx = , Ztk = e−Ftk = E[eÃtk ], (86) Ãb̂t Rd E[e k ] where the expectations are taken over the law of (X̃tb̂k , Ãb̂tk ) Note that the weights in (86) correct for the bias coming for both the time evolution of Ut (x) and the fact that the Euler-Maruyama update in (83) does not satisfy the detailed-balance condition locally.",5
P_2210_03139,2210.03139,Stochastic normalizing flows for lattice field theory,Michele Caselle; Elia Cellini; Alessandro Nada; Marco Panero,2022,dijkstra_method_quota:stochastic_flow,adjacent_method;lineage,sources/pdfs/2210.03139.pdf,9,8,"Finkenrath, Tackling critical slowing down using global correction steps with equivariant flows: the case of the Schwinger model, 2201.02216.",3,2,"After training, the partition function of the target 𝑝 can be computed using a reweighting procedure, also called importance sampling in the machine learning field [5]: ∫ 𝑍 = ˜ 𝑑𝜙𝑞(𝜙) 𝑤(𝜙) = h𝑤(𝜙)i ˜ 𝜙∼𝑞 (1) 𝑍0 where we introduce the weight:   ˜ 0 ) = exp − 𝑆[𝑔(𝜙0 )] − 𝑆0 [𝜙0 ] − 𝑄 𝑔 𝑤(𝜙 (2) Í 𝑁 −1 and 𝑞 0 (𝜙0 ) = exp(−𝑆0 [𝜙0 ])/𝑍0 .",4,6,We showed it is possible to use stochasticity to improve simple normalizing flows.,6,5,"Lattices of size 𝑁𝑡 = 8 at 𝜅 = 0.2, 𝜆 = 0.022.",2
P_2201_08862,2201.08862,Stochastic normalizing flows as non-equilibrium transformations,Michele Caselle; Elia Cellini; Alessandro Nada; Marco Panero,2022,dijkstra_method_quota:stochastic_flow,adjacent_method;lineage,sources/pdfs/2201.08862.pdf,32,3,"The fact that the configurations sampled using this kind of generative models are statistically independent is a promising feature, as it represents a completely new way to approach a typical problem that plagues Monte Carlo simulations close to the continuum limit, namely the so-called critical slowing down.",6,5,", φN ) (7) where in the second line we introduced the quantity N X −1  Q(φ0 , φ1 , .",4,22,A different kind of SNF architectures might be needed to reproduce the same trends observed in this section.,3,26,"Moreover, for simplicity, we assumed the temperature T to be constant throughout the evolution of the system along each trajectory, but this does not necessarily have to be the case [10].",5
P_2309_14983,2309.14983,Sampling Nambu-Goto theory using Normalizing Flows,Michele Caselle; Elia Cellini; Alessandro Nada,2023,dijkstra_method_quota:stochastic_flow,adjacent_method,sources/pdfs/2309.14983.pdf,7,2,"Nevertheless, the Continuous Normalizing Flows (CNFs) [7] used in [1] suffer from poor scaling.",3,1,"Namely, we introduce Physics-Informed Stochastic Normalizing Flows and we use them to sample the Nambu-Goto string action with two goals: use the known analytical results of this theory as a benchmark and demonstrate the efficiency of our method in obtaining new results of physical interest and in particular in providing a numerical proof for a conjecture regarding the width of the string.",7,5,"Conclusion In this contribution, we showed that physics-informed design and out-of-equilibrium thermodynamics, when applied to a flow-based sampler, can effectively address the scaling issues of the 5",5,6,"Future developments of this work will include an investigation of the so-called ""rigid string"" for which only a few analytical results have been provided.",3
P_1904_12072,1904.12072,Flow-based generative models for Markov chain Monte Carlo in lattice field theory,"Albergo, M. S. and Kanwar, G. and Shanahan, P. E.",2019,dijkstra_method_quota:flow,lineage,sources/pdfs/1904.12072.pdf,13,1,"In important classes allel and efficiently composed into a Markov chain; of theories, however, critical slowing down remains lim- 4.",5,2,"sired probability distribution p(φ) can be constructed via the independence Metropolis sampler, a specialization of II.",3,7,In any Markov chain using the Metropolistuned to achieve a 70% acceptance rate.,3,11,"Any training some models is defined by: errors in computing log Z, however, result in a minimum Z Y at which the model distribution p̃f (φ) does not necessarLMAE (p̃f ) := dφj p̃f (φ) |log p̃f (φ) − log p(φ)| .",6
P_2604_10209,2604.10209,Scalable Generative Sampling and Multilevel Estimation for Lattice Field Theories Near Criticality,A. Singha; J. Kauffmann; E. Cellini; K. Jansen; S. Nakajima,2026,dijkstra_method_quota:flow,adjacent_method,sources/pdfs/2604.10209.pdf,15,1,"As ational autoregressive networks [38–41], diffusion modthe correlation length grows in lattice units, slow longels [42–47] and GANs [48–50] wavelength modes come to dominate the dynamics and However, their practical usefulness for large-scale latconventional Markov-chain algorithms suffer from severe tice simulations is ultimately limited by scalability [51, critical slowing down [7–9].",6,2,"III we introduce coarse-to-fine generative scheme, and its performance can the multiscale generative framework and the associated deteriorate when efficient coarse-grid updates become difmultilevel estimator.",5,8,for SR-NF by running the reverse ODE at each level to These results show that the hierarchical coarse-to-fine reconstruct the exact coarse ancestor.,5,15,"The coarser (≤ℓ) For SR-NF, however, R(ϕn ) is a distorted coarse levels are sampled with orders-of-magnitude more configconfiguration whose distribution does not match the reurations than the finest level, concentrating the fine-level quired q (≤ℓ−1) .",6
P_2106_05934,2106.05934,Flow-based sampling for fermionic lattice field theories,Michael S. Albergo; Gurtej Kanwar; Sébastien Racanière; Danilo J. Rezende; Julian M. Urban; Denis Boyda; Kyle Cranmer; Daniel C. Hackett; Phiala E. Shanahan,2021,dijkstra_method_quota:flow,adjacent_method;lineage,sources/pdfs/2106.05934.pdf,25,1,"INTRODUCTION as critical slowing down, can render computations prohibitively expensive [10–12].",5,8,"Below, tional distribution p(ϕ|φ), which can be exactly and effiwe introduce several ‘building blocks’ which are designed ciently sampled.",4,14,To achieve translational equivby the associated value of the Yukawa coupling g.,3,17,"building blocks introduced here that could be explored in future work to determine models that may have more efficient training, sampling, and scaling prospects.",5
P_2311_03578,2311.03578,Generative Diffusion Models for Lattice Field Theory,Lingxiao Wang; Gert Aarts; Kai Zhou,2023,dijkstra_method_quota:diffusion,author,sources/pdfs/2311.03578.pdf,6,3,Solving the reverse SDE (1) to depict denoising is difficult due to the intractable “time-dependent” drift term.,4,3,"3 Numerical Results Toy Model To demonstrate the capacity for learning effective DM actions, SDM (ϕ, τ ), defined via the relation ∇ϕ SDM (ϕ, τ ) = −∇ϕ log pτ (ϕ) ≈ sθ (ϕ, τ ), we introduce an oversimplified 0 + 0- dimensional field theory, i.e., a toy model with only one degree of freedom, and the action and drift term, µ2 2 g ∂S(ϕ) g S(ϕ) = ϕ + ϕ4 , f (ϕ) = − = −µ2 ϕ − ϕ3 , (3) 2 4!",4,4,"We demonstrate that the clustering behavior of field configurations in a d = 2 dimensional case, in which 4",5,3,"3 Numerical Results Toy Model To demonstrate the capacity for learning effective DM actions, SDM (ϕ, τ ), defined via the relation ∇ϕ SDM (ϕ, τ ) = −∇ϕ log pτ (ϕ) ≈ sθ (ϕ, τ ), we introduce an oversimplified 0 + 0- dimensional field theory, i.e., a toy model with only one degree of freedom, and the action and drift term, µ2 2 g ∂S(ϕ) g S(ϕ) = ϕ + ϕ4 , f (ϕ) = − = −µ2 ϕ − ϕ3 , (3) 2 4!",3
P_2502_05504,2502.05504,Physics-Conditioned Diffusion Models for Lattice Gauge Theory,Qianteng Zhu; Gert Aarts; Wei Wang; Kai Zhou; Lingxiao Wang,2025,dijkstra_method_quota:diffusion,author;extension;lineage,sources/pdfs/2502.05504.pdf,28,3,"Although alternative methods [2–9] have been proposed to mitigate critical slowing down in specific models, it remains a longstanding challenge in lattice simulations of Quantum Chromodynamics.",6,8,"To further improve sampling efficiency, we introduce a noise scheme for the forward process, in which ξi (i = 1, .",4,23,In Table 5 we show results for the topological susceptibility and the 1 × 1 Wilson loop.,5,20,8 shows that the acceptance rate does not decrease significantly as the lattice size and β increase.,5
P_2510_21330,2510.21330,SCORENF: Score-based Normalizing Flows for Sampling Unnormalized distributions,Vikas Kanaujia; Vipul Arora,2025,dijkstra_method_quota:diffusion,correction,sources/pdfs/2510.21330.pdf,5,1,"Moreover, sampling methods, such as Markov Chain Monte Carlo (MCMC), the use of the forward KL divergence (FKL) as an objective induces often suffer from slow convergence, critical slowing down, poor mode-covering behavior—i.e., assigning probability mass to lowmode mixing, and high autocorrelation.",6,1,"In this work, we propose of the high-density regions while neglecting low-probability modes, ScoreNF, a score-based learning framework built on the Normalizing thereby failing to capture the full support of the target distribution Flow (NF) architecture, integrated with an Independent Metropolisand leading to biased estimates of observables.",7,4,"A comparmation, achieves strong performance even with limited data.",3,4,"Future work may extend ScoreNF to larger systems from mode collapse, failing to capture one mode in the MOG-4 setwith complex dynamics and multiple symmetries.",5
P_2605_06134,2605.06134,Diffusion model for SU(N) gauge theories,Javad Komijani; Marina K. Marinkovic; Lara Turgut,2026,dijkstra_method_quota:diffusion,author;lineage,sources/pdfs/2605.06134.pdf,23,1,"However, HMC suffers from critical slowing down as the lattice spacing is reduced, leading to long autocorrelation times that in practice limit the achievable precision of numerical results for fixed computational resources.",6,2,"Furthermore, we introduce gauge-equivariant networks, including a U-Net–style architecture [16] suitable for large lattices.",5,15,We find an ODE-based method without correctors insufficient for sampling the theory at β = 6.,5,13,"We note, however, that this heuristic comparison does not account for additional overhead or exactness corrections.",6
P_2003_06413,2003.06413,Equivariant flow-based sampling for lattice gauge theory,Gurtej Kanwar; Michael S. Albergo; Denis Boyda; K. Cranmer; Daniel C. Hackett; Sébastien Racanière; Danilo Jimenez Rezende; Phiala E. Shanahan,2020,dijkstra_method_quota:gauge,extension;lineage,sources/pdfs/2003.06413.pdf,6,1,"For several theories of 50], suffer from critical slowing down in this theory; for interest, however, CSD obstructs calculations.",6,5,Here we introduce flow-based models constructed [12] U.,4,4,"For 1500 times more efficient than HMC and 200 times more all choices of β, we fixed the HMC trajectory length to efficient than Heat Bath in determining topological quanachieve > 80% acceptance rate when using a leapfrog intities.",3,5,Future work will explore constructing kernels and N.,5
P_2202_11712,2202.11712,Flow-based sampling in the lattice Schwinger model at criticality,"Albergo, Michael S. and Boyda, Denis and Cranmer, Kyle and Hackett, Daniel C. and Kanwar, Gurtej and Racani \`e re, S \'e bastien and Rezende, Danilo J. and Romero-L \'o pez, Fernando and Shanahan, Phiala E. and Urban, Julian M.",2022,dijkstra_method_quota:fermion,lineage,sources/pdfs/2202.11712.pdf,8,2,circumvent topological freezing in a fermionic gauge theTo achieve efficient sampling via a flow-based apory at criticality.,5,7,The proposal is accepted or rejected with a standard Metropolis step.,2,8,S1 we show part of the Monte Carlo history of Q and σ for the baseline run with augmented HMC.,5,4,The reand by the Carl G and Shirley Sontheimer Research sulting flow-based sampler does not suffer from topologFund.,5
P_2110_02673,2110.02673,Scaling Up Machine Learning For Quantum Field Theory with Equivariant Continuous Flows,Pim de Haan and Corrado Rainone and Miranda C. N. Cheng and Roberto Bondesan,2021,dijkstra_method_quota:scaling,lineage,sources/pdfs/2110.02673.pdf,8,2,"In many cases, however, the conventional MCMC methods suffer from the problem of Critical Slowing Down (CSD), namely that it takes a prohibitively long time to generate two independent distinct samples, which hampers robust extrapolations and renders the lattice field theory results unreliable.",7,5,"The flow architecture we propose is trained according to the following, and fairly standard experimental protocol.",5,4,Our goal is to improve the sampling performance for the so-called φ4 theory.,3,7,"Interestingly, the symmetry violations of the latter does not seem to decrease as training progresses, indicating that these exact symmetries are not easily learned.",5
P_2007_07115,2007.07115,Estimation of Thermodynamic Observables in Lattice Field Theories with Deep Generative Models,"Nicoli, Kim A. and Anders, Christopher J. and Funcke, Lena and Hartung, Tobias and Jansen, Karl and Kessel, Pan and Nakajima, Shinichi and Stornati, Paolo",2021,dijkstra_facet_quota:lineage,lineage,sources/pdfs/2007.07115.pdf,13,4,some modes of the target region which is challenging due to critical slowing down.,5,1,"Therefore, the absolute value of the discuss, our method comes with rigorous error estimators free energy cannot be estimated straightforwardly.",4,12,"We use ReduceLROnPlateau learning rate scheduler of PyIn the main text, we demonstrated our method in a Torch with an initial learning rate of 5 × 10−4 and pacase where the MCMC-based method had to cross the tience of 3k steps.",5,10,"However, the theorem does not −2 = (ln Z)2 − 2    E q (w̃ − Eq [w̃]) + O N .",6
P_2501_07371,2501.07371,Simulating the Hubbard Model with Equivariant Normalizing Flows,Dominic Schuh; Janik Kreit; Evan Berkowitz; Lena Funcke; Thomas Luu; Kim A. Nicoli; Marcel Rodekamp,2025,dijkstra_facet_quota:adjacent_method,adjacent_method,sources/pdfs/2501.07371.pdf,14,2,"Furthermore, recent studies demonstrate that GNSs are highly effective in sampling from distributions with challenging topologies, such as bimodal distributions [21, 22] and gauge theories affected by topological freezing [23].",5,2,"2, we introduce the Hubbard model and discuss how standard HMC methods struggle with ergodicity.",4,11,"Furthermore, we show that incorporating symmetries of the action into an equivariant normalizing flow architecture lowers the training cost, allows to achieve higher acceptance rates, and reduces the integrated autocorrelation times, compared to the non-equivariant approach.",6,11,"In future work, we will focus on finding a rigorous way to preserve bĳectivity of the normalizing flow while incorporating symmetries, in order to use this framework to scale to larger systems.",5
P_2101_08176,2101.08176,Introduction to Normalizing Flows for Lattice Field Theory,Michael S. Albergo; Denis Boyda; Daniel C. Hackett; Gurtej Kanwar; Kyle Cranmer; Sébastien Racanière; Danilo Jimenez Rezende; Phiala E. Shanahan,2021,dijkstra_facet_quota:adjacent_method,adjacent_method,sources/pdfs/2101.08176.pdf,39,37,"ensemble_size = 8192 u1_ens = make_mcmc_ensemble(model, u1_action, 64, ensemble_size) print(""Accept rate:"", np.mean(u1_ens['accepted'])) >>> Accept rate: 0.244140625 Algorithms like HMC have a difficult time sampling from different topological sectors, exhibiting “topological freezing” where the topological charge Q moves very slowly in Markov chain time.",4,22,We’ll use the Metropolis-Hastings (MH) algorithm to construct the asymptotically exact Markov chain sampler.,3,26,"This topological charge mixes slowly with usual MCMC techniques, and we find that directly sampling using flow models vastly improves estimates for topological quantities.",6,29,More exploration of optimal masking pattern structure in higher dimensions will be explored in future work.,5
P_2409_15937,2409.15937,Numerical determination of the width and shape of the effective string using Stochastic Normalizing Flows,Michele Caselle; Elia Cellini; Alessandro Nada,2024,dijkstra_facet_quota:extension,extension;lineage,sources/pdfs/2409.15937.pdf,29,28,"Vadacchino, Mitigating topological freezing using out-of-equilibrium simulations, JHEP 04 (2024) 126 [2402.06561].",3,3,"The work is organized as follows: in section 2, we introduce the lattice regularization of the Nambu-Gotō string, its higher order corrections and the observables of interest; then, in section 3 we outline the numerical algorithm used to study the lattice EST.",6,16,(15) with the b(LT) (γ2 ) coefficient simply assuming Rc (γ2 ) = exp −2πb(LT) (γ2 ) ;  (41) we show the values of this term in the right panel of fig.,5,18,"However as we increase the lattice size L this trend becomes weaker and weaker, see the right panel of fig.",3
P_2512_19575,2512.19575,Variational Autoregressive Networks Applied to $^4$ Field Theory Systems,"Qian, Moxian and Chen, Shiyang",2025,dijkstra_global_fill,lineage,sources/pdfs/2512.19575.pdf,24,3,"However, these methods suffer from critical slowing down near critical points or in large lattice systems, where the autocorrelation time diverges with system size or correlation length [1]; in systems such as U (1) gauge fields they may also encounter topological freezing [2], where the topological charge cannot be effectively updated along long Markov chains.",9,3,"We propose an autoregressive sampling framework suitable for continuous fields, combined with single-site Metropolis–Hastings corrections that systematically reduce the residual bias of pure VAN sampling and, in principle, allow one to recover exact Markovian equilibrium with respect to an auxiliary target distribution; 2.",7,13,"The VAN accurately reproduces the sharp peak in χ, including its amplitude and the shape of its wings.",3,3,"However, their applicability to continuous field theories has not yet been systematically explored.",4
P_2207_00283,2207.00283,Learning lattice quantum field theories with equivariant continuous flows,"Gerdes, Mathis and de Haan, Pim and Rainone, Corrado and Bondesan, Roberto and Cheng, Miranda C. N.",2023,dijkstra_global_fill,lineage,sources/pdfs/2207.00283.pdf,17,2,A well-known challenge these sampling methods face is the phenomenon of critical slowing down [1].,6,5,"3.1 Neural ODE architecture Inspired by equivariant flows used for molecular modelling [32], we propose to construct a time-dependent vector field for the neural ODE featuring pair-wise interactions between the lattice sites and a tensor contraction with a chosen set of basis functions: dφ(t) x X = Wx y d f K(t)d H(φ(t) y ) f .",5,10,"Theory Ours real NVP 80 12 Log likelihood 60 ESS [%] 40 14 20 fully symmetric no D4 symmetry 16 0 0 2000 4000 6000 8000 10000 0 36 72 108 144 180 216 252 Training steps Symmetry orbit Figure 5: Training performance of the conFigure 6: For 4 samples from an MCMC chain tinuous normalizing flow at L = 20 with and with L = 6, we show 1) the true log likelihood without enforcing D4-symmetry.",5,10,"In future work, it will be interesting to study how the methods explored in this paper 10",5
P_2107_00734,2107.00734,Flow-based sampling for multimodal and extended-mode distributions in lattice field theory,Daniel C. Hackett and Chung-Chun Hsieh and Sahil Pontula and Michael S. Albergo and Denis Boyda and Jiunn-Wei Chen and Kai-Feng Chen and Kyle Cranmer and Gurtej Kanwar and Phiala E. Shanahan,2025,dijkstra_global_fill,lineage,sources/pdfs/2107.00734.pdf,43,5,"Although this problem ciently well-behaved distributions of reweighting factors, can occur generically, it can be especially pronounced they can naturally circumvent problems in sampling like with flow models that severely underweight entire modes critical slowing down [20] and topological freezing [21].",7,6,"Any Markov process that satisfies balance with reEvery nth configuration, we propose an update to the spect to a target distribution is an exact sampler for current configuration ϕ by randomly selecting a transforthat distribution, and provides asymptotically correct remation t from the set {ta } with probability ρ(t; ϕ), then sults when used to produce a Markov chain.",5,30,"Finally, we demonstrate that the problems of flow-based MCMC Rev.",5,43,"However, it may be possible to use flow-based stochastic estimators of Z [25] to estimate w for use with reweighting; further work is required to determine the conditions for exactness of this approach.",6
P_2211_03470,2211.03470,Fourier-flow model generating Feynman paths,"Chen, Shile and Savchuk, Oleh and Zheng, Shiqi and Chen, Baoyi and Stoecker, Horst and Wang, Lingxiao and Zhou, Kai",2023,dijkstra_global_fill,lineage,sources/pdfs/2211.03470.pdf,8,1,The underlying difficulty is to tackle the whole path manifold from finite samples that can effectively arXiv:2211.03470v1 [hep-lat] 7 Nov 2022 represent the Feynman propagator dictated probability distribution.,3,1,Our method offers a new avenue to investigate quantum systems with machine learning assisted Feynman Path integral solving.,4,7,"6, we find that N N k=0 the overall shape of paths does not change but just gets smoothed (i.e., the fluctuation within small areas diswhere the unitary of the Fourier transformation is used appears).",5,7,"6, we find that N N k=0 the overall shape of paths does not change but just gets smoothed (i.e., the fluctuation within small areas diswhere the unitary of the Fourier transformation is used appears).",5
P_2412_19109,2412.19109,Stochastic normalizing flows for Effective String Theory,Michele Caselle; Elia Cellini; Alessandro Nada,2024,dijkstra_global_fill,adjacent_method;lineage,sources/pdfs/2412.19109.pdf,10,2,"Nevertheless, due to the strong non-linearity of EST actions, standard MCMC methods suffer from critical slowing down when exploring non-trivial EST regimes [12].",6,5,"Nevertheless, we can generate an equilibrium ensemble using an independent Metropolis-Hasting sampler.",3,7,"Nambu, Strings, Monopoles and Gauge Fields, Phys.",2,5,"However, we do not have direct access to Pr but only to Pf for which the sampled configurations can lie arbitrarily far from equilibrium.",4
P_1810_12879,1810.12879,Regressive and generative neural networks for scalar field theory,"Zhou, Kai and Endr o di, Gergely and Pang, Long-Gang and St \""o cker, Horst",2019,dijkstra_global_fill,lineage,sources/pdfs/1810.12879.pdf,11,3,"the data is essential for this classification, thus we conSupervised learning is applied here for this binary classider a Convolutional Neural Network (CNN), which is sification problem, where the configurations at µ = 0.91 usually designed for such tasks.",3,8,"tical distribution of the field configurations even on the Finally, we proposed to generate new configurations level of physical observables.",4,11,"Courville, “Improved Training of Wasserstein GANs,” mani, M.",3,11,"1, (2017) L110– lations with restricted Boltzmann machines,” Phys.",3
P_2409_18861,2409.18861,Sampling SU(3) pure gauge theory with Stochastic Normalizing Flows,Andrea Bulgarelli; Elia Cellini; Alessandro Nada,2024,dijkstra_global_fill,adjacent_method;extension,sources/pdfs/2409.18861.pdf,10,2,"A particularly challenging form of critical slowing down, for example in the case of the SU(3) lattice gauge theory in four dimensions, is the so-called topological freezing [4]: when approaching the continuum limit, the autocorrelation times of topological observables increase exponentially with the inverse of the lattice spacing.",8,2,In this contribution we introduce for the first time a SNF for the SU(3) Yang-Mills theory in four spacetime dimensions and we test it on a mapping from coarser to finer lattice spacings.,4,6,3 we show results for the performance of both for NE-MCMC and for SNF samplers for multiple volumes.,5,5,We leave the application of these architectures on finer lattice spacings (and correspondingly larger volumes) to future work.,5
P_2211_07541,2211.07541,Aspects of scaling and scalability for flow-based sampling of lattice QCD,Ryan Abbott; Michael S. Albergo; Aleksandar Botev; Denis Boyda; K. Cranmer; Daniel C. Hackett; Alexander Matthews; Sébastien Racanière; Ali Razavi; Danilo Jimenez Rezende; Fernando Romero-López; Phiala E. Shanahan; Julian M. Urban,2022,dijkstra_global_fill,extension,sources/pdfs/2211.07541.pdf,22,1,Abstract Recent applications of machine-learned normalizing flows to sampling in lattice field theory suggest that such methods may be able to mitigate critical slowing down and topological freezing.,8,5,The practical analog to the set of HMC’s flow-based approaches algorithm parameters are thus the set of all of History has demonstrated that algorithmic the choices involved in defining a training scheme advances can redefine the limits of LQFT methand architecture described in Sec.,3,15,"Syritsyn, Lattice QCD To generate the results shown in Fig.",5,11,"Most 0.3 0.4 0.5 0.6 0.7 0.8 importantly, however, it does not relate different 1/ approaches or otherwise constrain what overall Fig.",6
P_2607_08505,2607.08505,Diffusion Models for Sampling Near Criticality in Lattice Field Theories,Yang-yang Tan; Gert Aarts; Diaa E. Habibi; Biagio Lucini; Lingxiao Wang,2026,gap_closure:critical_diffusion,failure;extension;evaluation,sources/pdfs/2607.08505.pdf,39,1,"Normalizing flows, system size, this critical slowing down becomes the domoptimal-transport constructions and renormalizationinant cost.",5,1,"We introduce two local diagnostics and an HMC-referenced effective sample size (ESS), which probe the learned drift directly, through a Metropolis-adjusted Langevin acceptance rate, and through observable-level bias and variance.",5,20,The comparison with the multi-L model in Taken together these results show that multi-L trainFig.,5,36,"The likelihood ESS ratio is independent of Nsamp , by ⟨S/V ⟩t − ⟨S/V ⟩0 = ∆t , which does not shrink with while the MSE-matched ratio in Eq.",5
P_2309_17082,2309.17082,Diffusion Models as Stochastic Quantization in Lattice Field Theory,Lingxiao Wang; Gert Aarts; Kai Zhou,2023,gap_closure:critical_diffusion,failure;extension;evaluation,sources/pdfs/2309.17082.pdf,31,1,"We demonstrate that DMs can notably reduce autocorrelation times in the Markov chain, especially in the critical region where standard Markov Chain Monte-Carlo (MCMC) algorithms experience critical slowing down.",5,12,"To demonstrate this in action, we introduce an over-simplified 0+0-dimensional field – 11 –",4,23,"4.3), we demonstrate the dependence of four key physical observables including their uncertainties on the size of the – 22 –",5,3,"For gauge fields, it does not require gauge fixing [36].",3
P_2510_26081,2510.26081,Group-Equivariant Diffusion Models for Lattice Field Theory,Octavio Vega; Javad Komijani; Aida El-Khadra; Marina Marinkovic,2025,gap_closure:critical_diffusion,failure;extension;evaluation,sources/pdfs/2510.26081.pdf,45,1,"Group-Equivariant Diffusion Models for Lattice Field Theory Octavio Vega 1,2∗ , Javad Komijani 3† , Aida El-Khadra 1,2 , Marina Marinkovic 3 1 Department of Physics, University of Illinois Urbana-Champaign, Urbana IL 61801 2 Illinois Center for Advanced Studies of the Universe, University of Illinois arXiv:2510.26081v1 [hep-lat] 30 Oct 2025 Urbana-Champaign, Urbana IL 61801 3 Institute for Theoretical Physics, ETH Zürich, 8093 Zürich, Switzerland Abstract Near the critical point, Markov Chain Monte Carlo (MCMC) simulations of lattice quantum field theories (LQFT) become increasingly inefficient due to critical slowing down.",6,4,"In this work, we introduce a new framework for symmetry-preserving diffusion processes for sampling in lattice field theory.",5,34,We show below that the condition holds if we set σ 2 + σ̃ 2 g(ϕt ) = f (ϕt ) − ∇ log pt (ϕt ).,5,27,We reserve these ongoing investigations for future work.,5
P_2604_12416,2604.12416,Machine learning for four-dimensional SU(3) lattice gauge theories,Urs Wenger,2026,gap_closure:scaling,scaling;extension;evaluation,sources/pdfs/2604.12416.pdf,18,2,"For lattice gauge theories, critical slowing down may manifest itself in topological freezing.",8,4,"[11] the framework has been extended to SU(3) gauge theory in four spacetime dimensions with the latest advancements reported in [12, 13].",2,9,The quantum perfect actions constitute the holy grail of Symanzik’s improvement programme: they are improved to all orders in 𝑔 2 and 𝑎 2 and a simulation at a single coarse lattice spacing reproduces exactly the continuum long-distance physics.,4,14,The necessity of including physics information into the machine learning may be a hint why approaches solely based on normalizing flows without any physics input have not yet been able to scale to realistic lattice volumes in four spacetime dimensions.,5
P_2601_20708,2601.20708,A scalable flow-based approach to mitigate topological freezing,Claudio Bonanno; Andrea Bulgarelli; Elia Cellini; Alessandro Nada; Dario Panfalone; Davide Vadacchino; Lorenzo Verzichelli,2026,gap_closure:scaling,scaling;extension;evaluation,sources/pdfs/2601.20708.pdf,10,2,"This leads to a severe loss of ergodicity, known as topological freezing [1–3].",5,2,"Concretely, we introduce a prior distribution 𝑞 0 (𝑈0 ) ∝ e−𝑆0 [𝑈0 ] and a target distribution 𝑝(𝑈) ∝ e−𝑆 [𝑈 ] (here, OBC and PBC in 4𝑑 SU(3) gauge theory).",4,6,"On the machine learning side, richer gauge-equivariant layers and multiscale architectures [56–58] can improve the gain of SNFs on NE-MCMC.",3,6,Panero for insightful and helpful discussions.,2
P_2208_03832,2208.03832,Sampling QCD field configurations with gauge-equivariant flow models,Ryan Abbott; Michael S. Albergo; Aleksandar Botev; Denis Boyda; Kyle Cranmer; Daniel C. Hackett; Gurtej Kanwar; Alexander G. D. G. Matthews; Sébastien Racanière; Ali Razavi; Danilo J. Rezende; Fernando Romero-López; Phiala E. Shanahan; Julian M. Urban,2022,gap_closure:scaling,scaling;extension;evaluation,sources/pdfs/2208.03832.pdf,14,2,"Proof-of-principle implementations have demonstrated success in ameliorating important challenges such as critical slowing-down and topological freezing, as well as the computation of thermodynamic quantities, in theories ranging from scalar field theory [5, 28, 35, 39, 76] through Yukawa theory [32], to the Schwinger model [9, 43] and SU(3) gauge field theory with fermions in two dimensions [46].",9,2,"Given a flow model 𝑓 , samples from 𝑝(𝜑) can be obtained by using samples drawn from the model distribution 𝑞(𝜑) as proposals in the independence Metropolis algorithm [78–80], or by reweighting.",3,8,"If they can be achieved, optimized flow models for QCD are thus likely to become a valuable community resource, shared and re-used extensively for applications across lattice QCD.",3,12,"9, (2021) 094517, arXiv:2101.12668 [hep-lat].",2
P_2605_12597,2605.12597,The critical slowing down in diffusion models,Luca Maria Del Bono; Giulio Biroli; Patrick Charbonneau; Marylou Gabrié,2026,gap_closure:theory_boundary,failure;extension;evaluation,sources/pdfs/2605.12597.pdf,31,4,Top row: Schematic of the physical setup and critical slowing down.,5,20,"∆t a=1 (2π)d 4n a=1 At large n, we introduce the parameter n 1X Λ(⃗x) = ψa (⃗x)2 (A37) n a=1 by inserting the functional identity Z n !",3,23,"We find h  i h  i ε(⃗k, t − δt) = −σex (⃗k, t − δt) + σex (⃗k, t) 1 + δt 1 − (2π)d S̃t (⃗k) + ε(⃗k, t) 1 + δt 1 − (2π)d S̃t (⃗k) .",5,26,"For d ≥ 3, even if the kernel size remains constant the relative error does not increase with system size.",6
